game_id,team,inning,score
2432,0,1,0
2432,1,1,0
2432,0,2,1
2432,1,2,0
2432,0,3,0
2432,1,3,0
2432,0,4,0
2432,1,4,0
2432,0,5,1
2432,1,5,1
2432,0,6,1
2432,1,6,0
2432,0,7,0
2432,1,7,1
2432,0,8,0
2432,1,8,1
2432,0,9,0
2432,1,9,0
2432,0,10,1
2432,1,10,2
2433,0,1,1
2433,1,1,1
2433,0,2,0
2433,1,2,0
2433,0,3,0
2433,1,3,0
2433,0,4,1
2433,1,4,0
2433,0,5,0
2433,1,5,0
2433,0,6,0
2433,1,6,1
2433,0,7,0
2433,1,7,0
2433,0,8,0
2433,1,8,0
2433,0,9,0
2433,1,9,1
2434,0,1,0
2434,1,1,1
2434,0,2,0
2434,1,2,1
2434,0,3,0
2434,1,3,0
2434,0,4,0
2434,1,4,0
2434,0,5,0
2434,1,5,0
2434,0,6,0
2434,1,6,0
2434,0,7,0
2434,1,7,0
2434,0,8,1
2434,1,8,0
2434,0,9,0
2434,1,9,0
2435,0,1,2
2435,1,1,0
2435,0,2,2
2435,1,2,0
2435,0,3,0
2435,1,3,0
2435,0,4,2
2435,1,4,0
2435,0,5,0
2435,1,5,3
2435,0,6,0
2435,1,6,4
2435,0,7,0
2435,1,7,0
2435,0,8,0
2435,1,8,0
2435,0,9,0
2435,1,9,0
2436,0,1,0
2436,1,1,0
2436,0,2,0
2436,1,2,1
2436,0,3,0
2436,1,3,0
2436,0,4,0
2436,1,4,1
2436,0,5,0
2436,1,5,0
2436,0,6,0
2436,1,6,0
2436,0,7,0
2436,1,7,0
2436,0,8,0
2436,1,8,0
2436,0,9,2
2436,1,9,0
2436,0,10,0
2436,1,10,1
2437,0,1,0
2437,1,1,0
2437,0,2,0
2437,1,2,0
2437,0,3,0
2437,1,3,0
2437,0,4,0
2437,1,4,0
2437,0,5,0
2437,1,5,2
2437,0,6,1
2437,1,6,3
2437,0,7,0
2437,1,7,1
2437,0,8,0
2437,1,8,1
2437,0,9,0
2437,1,9,0
2438,0,1,4
2438,1,1,0
2438,0,2,0
2438,1,2,1
2438,0,3,0
2438,1,3,0
2438,0,4,0
2438,1,4,0
2438,0,5,1
2438,1,5,0
2438,0,6,2
2438,1,6,1
2438,0,7,0
2438,1,7,0
2438,0,8,0
2438,1,8,0
2438,0,9,0
2438,1,9,0
2439,0,1,1
2439,1,1,2
2439,0,2,0
2439,1,2,0
2439,0,3,0
2439,1,3,0
2439,0,4,0
2439,1,4,0
2439,0,5,0
2439,1,5,0
2439,0,6,2
2439,1,6,0
2439,0,7,0
2439,1,7,0
2439,0,8,0
2439,1,8,0
2439,0,9,0
2439,1,9,0
2440,0,1,1
2440,1,1,1
2440,0,2,0
2440,1,2,0
2440,0,3,0
2440,1,3,0
2440,0,4,0
2440,1,4,0
2440,0,5,0
2440,1,5,1
2440,0,6,0
2440,1,6,0
2440,0,7,2
2440,1,7,1
2440,0,8,0
2440,1,8,0
2440,0,9,0
2440,1,9,0
2440,0,10,0
2440,1,10,0
2440,0,11,0
2440,1,11,0
2440,0,12,0
2440,1,12,0
2440,0,13,0
2440,1,13,0
2440,0,14,0
2440,1,14,0
2440,0,15,0
2440,1,15,0
2440,0,16,0
2440,1,16,0
2440,0,17,3
2440,1,17,0
2441,0,1,0
2441,1,1,0
2441,0,2,1
2441,1,2,0
2441,0,3,0
2441,1,3,1
2441,0,4,0
2441,1,4,0
2441,0,5,0
2441,1,5,1
2441,0,6,0
2441,1,6,1
2441,0,7,0
2441,1,7,1
2441,0,8,0
2441,1,8,0
2441,0,9,0
2441,1,9,0
2442,0,1,0
2442,1,1,0
2442,0,2,0
2442,1,2,0
2442,0,3,0
2442,1,3,1
2442,0,4,0
2442,1,4,4
2442,0,5,3
2442,1,5,0
2442,0,6,0
2442,1,6,3
2442,0,7,0
2442,1,7,0
2442,0,8,8
2442,1,8,0
2442,0,9,1
2442,1,9,0
2443,0,1,0
2443,1,1,0
2443,0,2,0
2443,1,2,0
2443,0,3,0
2443,1,3,0
2443,0,4,1
2443,1,4,0
2443,0,5,0
2443,1,5,1
2443,0,6,0
2443,1,6,0
2443,0,7,0
2443,1,7,0
2443,0,8,0
2443,1,8,1
2443,0,9,9
2443,1,9,0
2444,0,1,0
2444,1,1,2
2444,0,2,0
2444,1,2,0
2444,0,3,0
2444,1,3,0
2444,0,4,0
2444,1,4,1
2444,0,5,1
2444,1,5,0
2444,0,6,0
2444,1,6,0
2444,0,7,0
2444,1,7,5
2444,0,8,2
2444,1,8,0
2444,0,9,2
2444,1,9,0
2445,0,1,0
2445,1,1,0
2445,0,2,0
2445,1,2,0
2445,0,3,0
2445,1,3,0
2445,0,4,0
2445,1,4,0
2445,0,5,0
2445,1,5,0
2445,0,6,0
2445,1,6,0
2445,0,7,0
2445,1,7,0
2445,0,8,1
2445,1,8,0
2445,0,9,1
2445,1,9,0
2446,0,1,0
2446,1,1,0
2446,0,2,0
2446,1,2,0
2446,0,3,0
2446,1,3,0
2446,0,4,0
2446,1,4,0
2446,0,5,0
2446,1,5,1
2446,0,6,0
2446,1,6,0
2446,0,7,0
2446,1,7,0
2446,0,8,0
2446,1,8,0
2446,0,9,0
2446,1,9,0
2447,0,1,0
2447,1,1,3
2447,0,2,0
2447,1,2,0
2447,0,3,0
2447,1,3,1
2447,0,4,0
2447,1,4,0
2447,0,5,0
2447,1,5,0
2447,0,6,0
2447,1,6,1
2447,0,7,0
2447,1,7,0
2447,0,8,0
2447,1,8,0
2447,0,9,0
2447,1,9,0
2448,0,1,0
2448,1,1,0
2448,0,2,0
2448,1,2,0
2448,0,3,2
2448,1,3,0
2448,0,4,0
2448,1,4,0
2448,0,5,1
2448,1,5,0
2448,0,6,2
2448,1,6,2
2448,0,7,0
2448,1,7,0
2448,0,8,0
2448,1,8,0
2448,0,9,0
2448,1,9,0
2449,0,1,0
2449,1,1,0
2449,0,2,2
2449,1,2,0
2449,0,3,0
2449,1,3,4
2449,0,4,0
2449,1,4,0
2449,0,5,0
2449,1,5,1
2449,0,6,0
2449,1,6,0
2449,0,7,0
2449,1,7,1
2449,0,8,0
2449,1,8,0
2449,0,9,0
2449,1,9,0
2450,0,1,2
2450,1,1,0
2450,0,2,0
2450,1,2,0
2450,0,3,1
2450,1,3,0
2450,0,4,0
2450,1,4,0
2450,0,5,1
2450,1,5,1
2450,0,6,2
2450,1,6,2
2450,0,7,0
2450,1,7,1
2450,0,8,0
2450,1,8,0
2450,0,9,1
2450,1,9,0
2451,0,1,0
2451,1,1,1
2451,0,2,0
2451,1,2,0
2451,0,3,0
2451,1,3,0
2451,0,4,1
2451,1,4,0
2451,0,5,2
2451,1,5,1
2451,0,6,3
2451,1,6,1
2451,0,7,2
2451,1,7,0
2451,0,8,0
2451,1,8,0
2451,0,9,0
2451,1,9,0
2452,0,1,0
2452,1,1,0
2452,0,2,0
2452,1,2,0
2452,0,3,0
2452,1,3,0
2452,0,4,0
2452,1,4,0
2452,0,5,0
2452,1,5,0
2452,0,6,3
2452,1,6,1
2452,0,7,0
2452,1,7,0
2452,0,8,0
2452,1,8,0
2452,0,9,0
2452,1,9,0
2453,0,1,0
2453,1,1,0
2453,0,2,0
2453,1,2,0
2453,0,3,0
2453,1,3,0
2453,0,4,0
2453,1,4,0
2453,0,5,0
2453,1,5,3
2453,0,6,0
2453,1,6,0
2453,0,7,1
2453,1,7,0
2453,0,8,0
2453,1,8,0
2453,0,9,2
2453,1,9,0
2453,0,10,2
2453,1,10,0
2454,0,1,0
2454,1,1,0
2454,0,2,2
2454,1,2,0
2454,0,3,0
2454,1,3,1
2454,0,4,0
2454,1,4,0
2454,0,5,0
2454,1,5,0
2454,0,6,0
2454,1,6,0
2454,0,7,0
2454,1,7,0
2454,0,8,0
2454,1,8,0
2454,0,9,0
2454,1,9,0
2455,0,1,0
2455,1,1,0
2455,0,2,0
2455,1,2,0
2455,0,3,0
2455,1,3,0
2455,0,4,0
2455,1,4,0
2455,0,5,0
2455,1,5,0
2455,0,6,0
2455,1,6,1
2455,0,7,1
2455,1,7,2
2455,0,8,0
2455,1,8,0
2455,0,9,0
2455,1,9,0
2456,0,1,0
2456,1,1,0
2456,0,2,0
2456,1,2,0
2456,0,3,0
2456,1,3,0
2456,0,4,1
2456,1,4,0
2456,0,5,0
2456,1,5,0
2456,0,6,2
2456,1,6,0
2456,0,7,4
2456,1,7,1
2456,0,8,0
2456,1,8,0
2456,0,9,0
2456,1,9,0
2457,0,1,0
2457,1,1,0
2457,0,2,0
2457,1,2,2
2457,0,3,0
2457,1,3,3
2457,0,4,1
2457,1,4,1
2457,0,5,1
2457,1,5,0
2457,0,6,1
2457,1,6,3
2457,0,7,0
2457,1,7,0
2457,0,8,0
2457,1,8,0
2457,0,9,2
2457,1,9,0
2458,0,1,0
2458,1,1,1
2458,0,2,1
2458,1,2,0
2458,0,3,0
2458,1,3,2
2458,0,4,0
2458,1,4,0
2458,0,5,1
2458,1,5,3
2458,0,6,0
2458,1,6,0
2458,0,7,0
2458,1,7,0
2458,0,8,0
2458,1,8,0
2458,0,9,0
2458,1,9,0
2459,0,1,1
2459,1,1,1
2459,0,2,0
2459,1,2,0
2459,0,3,0
2459,1,3,0
2459,0,4,0
2459,1,4,0
2459,0,5,0
2459,1,5,0
2459,0,6,0
2459,1,6,0
2459,0,7,1
2459,1,7,0
2459,0,8,0
2459,1,8,0
2459,0,9,0
2459,1,9,0
2460,0,1,0
2460,1,1,2
2460,0,2,0
2460,1,2,0
2460,0,3,2
2460,1,3,4
2460,0,4,0
2460,1,4,0
2460,0,5,1
2460,1,5,0
2460,0,6,0
2460,1,6,0
2460,0,7,0
2460,1,7,0
2460,0,8,0
2460,1,8,0
2460,0,9,2
2460,1,9,0
2461,0,1,3
2461,1,1,1
2461,0,2,1
2461,1,2,1
2461,0,3,0
2461,1,3,0
2461,0,4,1
2461,1,4,0
2461,0,5,0
2461,1,5,1
2461,0,6,0
2461,1,6,0
2461,0,7,3
2461,1,7,1
2461,0,8,0
2461,1,8,0
2461,0,9,0
2461,1,9,4
2461,0,10,0
2461,1,10,1
2462,0,1,0
2462,1,1,1
2462,0,2,1
2462,1,2,0
2462,0,3,0
2462,1,3,0
2462,0,4,0
2462,1,4,3
2462,0,5,0
2462,1,5,0
2462,0,6,1
2462,1,6,1
2462,0,7,1
2462,1,7,0
2462,0,8,0
2462,1,8,0
2462,0,9,0
2462,1,9,0
2463,0,1,2
2463,1,1,4
2463,0,2,0
2463,1,2,0
2463,0,3,0
2463,1,3,1
2463,0,4,0
2463,1,4,1
2463,0,5,3
2463,1,5,0
2463,0,6,0
2463,1,6,1
2463,0,7,0
2463,1,7,0
2463,0,8,0
2463,1,8,1
2463,0,9,0
2463,1,9,0
2464,0,1,0
2464,1,1,0
2464,0,2,0
2464,1,2,1
2464,0,3,3
2464,1,3,4
2464,0,4,1
2464,1,4,2
2464,0,5,0
2464,1,5,0
2464,0,6,0
2464,1,6,2
2464,0,7,0
2464,1,7,0
2464,0,8,1
2464,1,8,1
2464,0,9,2
2464,1,9,0
2465,0,1,0
2465,1,1,0
2465,0,2,2
2465,1,2,0
2465,0,3,0
2465,1,3,0
2465,0,4,1
2465,1,4,0
2465,0,5,1
2465,1,5,1
2465,0,6,0
2465,1,6,0
2465,0,7,0
2465,1,7,3
2465,0,8,2
2465,1,8,0
2465,0,9,0
2465,1,9,0
2466,0,1,0
2466,1,1,0
2466,0,2,0
2466,1,2,1
2466,0,3,0
2466,1,3,1
2466,0,4,0
2466,1,4,0
2466,0,5,0
2466,1,5,0
2466,0,6,1
2466,1,6,0
2466,0,7,0
2466,1,7,0
2466,0,8,0
2466,1,8,2
2466,0,9,0
2466,1,9,0
2467,0,1,0
2467,1,1,1
2467,0,2,1
2467,1,2,0
2467,0,3,3
2467,1,3,0
2467,0,4,0
2467,1,4,0
2467,0,5,0
2467,1,5,2
2467,0,6,0
2467,1,6,0
2467,0,7,0
2467,1,7,2
2467,0,8,0
2467,1,8,3
2467,0,9,2
2467,1,9,0
2468,0,1,0
2468,1,1,0
2468,0,2,1
2468,1,2,0
2468,0,3,2
2468,1,3,3
2468,0,4,0
2468,1,4,0
2468,0,5,4
2468,1,5,0
2468,0,6,0
2468,1,6,0
2468,0,7,0
2468,1,7,0
2468,0,8,1
2468,1,8,0
2468,0,9,0
2468,1,9,0
2469,0,1,0
2469,1,1,1
2469,0,2,0
2469,1,2,0
2469,0,3,0
2469,1,3,0
2469,0,4,0
2469,1,4,0
2469,0,5,0
2469,1,5,0
2469,0,6,0
2469,1,6,3
2469,0,7,0
2469,1,7,0
2469,0,8,3
2469,1,8,0
2469,0,9,1
2469,1,9,0
2469,0,10,2
2469,1,10,0
2470,0,1,2
2470,1,1,0
2470,0,2,1
2470,1,2,2
2470,0,3,0
2470,1,3,2
2470,0,4,0
2470,1,4,0
2470,0,5,0
2470,1,5,0
2470,0,6,0
2470,1,6,4
2470,0,7,1
2470,1,7,0
2470,0,8,0
2470,1,8,1
2470,0,9,0
2470,1,9,0
2471,0,1,1
2471,1,1,0
2471,0,2,0
2471,1,2,0
2471,0,3,4
2471,1,3,0
2471,0,4,0
2471,1,4,0
2471,0,5,0
2471,1,5,0
2471,0,6,0
2471,1,6,0
2471,0,7,0
2471,1,7,0
2471,0,8,0
2471,1,8,0
2471,0,9,0
2471,1,9,0
2472,0,1,1
2472,1,1,1
2472,0,2,0
2472,1,2,5
2472,0,3,0
2472,1,3,0
2472,0,4,0
2472,1,4,0
2472,0,5,0
2472,1,5,0
2472,0,6,1
2472,1,6,0
2472,0,7,0
2472,1,7,0
2472,0,8,0
2472,1,8,0
2472,0,9,0
2472,1,9,0
2473,0,1,0
2473,1,1,1
2473,0,2,0
2473,1,2,0
2473,0,3,0
2473,1,3,1
2473,0,4,0
2473,1,4,1
2473,0,5,0
2473,1,5,0
2473,0,6,0
2473,1,6,0
2473,0,7,0
2473,1,7,0
2473,0,8,0
2473,1,8,0
2473,0,9,0
2473,1,9,0
2474,0,1,0
2474,1,1,0
2474,0,2,0
2474,1,2,0
2474,0,3,0
2474,1,3,1
2474,0,4,0
2474,1,4,0
2474,0,5,0
2474,1,5,0
2474,0,6,0
2474,1,6,0
2474,0,7,0
2474,1,7,0
2474,0,8,0
2474,1,8,1
2474,0,9,0
2474,1,9,0
2475,0,1,0
2475,1,1,0
2475,0,2,0
2475,1,2,0
2475,0,3,0
2475,1,3,1
2475,0,4,2
2475,1,4,0
2475,0,5,3
2475,1,5,0
2475,0,6,0
2475,1,6,0
2475,0,7,0
2475,1,7,1
2475,0,8,0
2475,1,8,0
2475,0,9,0
2475,1,9,0
2476,0,1,3
2476,1,1,1
2476,0,2,0
2476,1,2,0
2476,0,3,1
2476,1,3,1
2476,0,4,3
2476,1,4,0
2476,0,5,1
2476,1,5,0
2476,0,6,0
2476,1,6,0
2476,0,7,0
2476,1,7,3
2476,0,8,0
2476,1,8,0
2476,0,9,1
2476,1,9,3
2477,0,1,2
2477,1,1,0
2477,0,2,0
2477,1,2,0
2477,0,3,1
2477,1,3,0
2477,0,4,0
2477,1,4,5
2477,0,5,0
2477,1,5,0
2477,0,6,0
2477,1,6,2
2477,0,7,0
2477,1,7,0
2477,0,8,1
2477,1,8,0
2477,0,9,0
2477,1,9,0
2478,0,1,0
2478,1,1,0
2478,0,2,0
2478,1,2,1
2478,0,3,0
2478,1,3,0
2478,0,4,0
2478,1,4,0
2478,0,5,0
2478,1,5,1
2478,0,6,0
2478,1,6,1
2478,0,7,0
2478,1,7,0
2478,0,8,0
2478,1,8,0
2478,0,9,0
2478,1,9,0
2479,0,1,0
2479,1,1,0
2479,0,2,0
2479,1,2,1
2479,0,3,2
2479,1,3,2
2479,0,4,0
2479,1,4,0
2479,0,5,1
2479,1,5,0
2479,0,6,0
2479,1,6,1
2479,0,7,0
2479,1,7,0
2479,0,8,0
2479,1,8,1
2479,0,9,0
2479,1,9,0
2480,0,1,0
2480,1,1,1
2480,0,2,0
2480,1,2,4
2480,0,3,0
2480,1,3,0
2480,0,4,3
2480,1,4,2
2480,0,5,0
2480,1,5,0
2480,0,6,2
2480,1,6,5
2480,0,7,0
2480,1,7,0
2480,0,8,0
2480,1,8,0
2480,0,9,0
2480,1,9,0
2481,0,1,0
2481,1,1,2
2481,0,2,0
2481,1,2,0
2481,0,3,1
2481,1,3,0
2481,0,4,0
2481,1,4,0
2481,0,5,2
2481,1,5,0
2481,0,6,0
2481,1,6,0
2481,0,7,1
2481,1,7,0
2481,0,8,2
2481,1,8,0
2481,0,9,0
2481,1,9,0
2482,0,1,0
2482,1,1,1
2482,0,2,0
2482,1,2,0
2482,0,3,1
2482,1,3,1
2482,0,4,0
2482,1,4,0
2482,0,5,0
2482,1,5,0
2482,0,6,0
2482,1,6,2
2482,0,7,0
2482,1,7,0
2482,0,8,2
2482,1,8,1
2482,0,9,0
2482,1,9,0
2483,0,1,3
2483,1,1,0
2483,0,2,1
2483,1,2,1
2483,0,3,0
2483,1,3,0
2483,0,4,0
2483,1,4,0
2483,0,5,1
2483,1,5,5
2483,0,6,0
2483,1,6,1
2483,0,7,2
2483,1,7,0
2483,0,8,0
2483,1,8,0
2483,0,9,3
2483,1,9,0
2484,0,1,0
2484,1,1,0
2484,0,2,1
2484,1,2,0
2484,0,3,1
2484,1,3,0
2484,0,4,0
2484,1,4,0
2484,0,5,1
2484,1,5,0
2484,0,6,0
2484,1,6,0
2484,0,7,0
2484,1,7,1
2484,0,8,0
2484,1,8,0
2484,0,9,0
2484,1,9,0
2485,0,1,1
2485,1,1,0
2485,0,2,0
2485,1,2,0
2485,0,3,0
2485,1,3,0
2485,0,4,0
2485,1,4,2
2485,0,5,0
2485,1,5,0
2485,0,6,0
2485,1,6,0
2485,0,7,0
2485,1,7,0
2485,0,8,0
2485,1,8,1
2485,0,9,0
2485,1,9,0
2486,0,1,0
2486,1,1,0
2486,0,2,0
2486,1,2,1
2486,0,3,3
2486,1,3,0
2486,0,4,1
2486,1,4,1
2486,0,5,2
2486,1,5,0
2486,0,6,0
2486,1,6,0
2486,0,7,0
2486,1,7,4
2486,0,8,0
2486,1,8,0
2486,0,9,0
2486,1,9,0
2486,0,10,1
2486,1,10,0
2487,0,1,1
2487,1,1,0
2487,0,2,0
2487,1,2,0
2487,0,3,0
2487,1,3,0
2487,0,4,0
2487,1,4,1
2487,0,5,1
2487,1,5,1
2487,0,6,0
2487,1,6,0
2487,0,7,0
2487,1,7,0
2487,0,8,0
2487,1,8,0
2487,0,9,0
2487,1,9,1
2488,0,1,0
2488,1,1,0
2488,0,2,0
2488,1,2,1
2488,0,3,0
2488,1,3,0
2488,0,4,1
2488,1,4,0
2488,0,5,0
2488,1,5,0
2488,0,6,0
2488,1,6,0
2488,0,7,0
2488,1,7,1
2488,0,8,2
2488,1,8,0
2488,0,9,0
2488,1,9,0
2489,0,1,1
2489,1,1,0
2489,0,2,0
2489,1,2,0
2489,0,3,0
2489,1,3,0
2489,0,4,1
2489,1,4,0
2489,0,5,0
2489,1,5,0
2489,0,6,3
2489,1,6,0
2489,0,7,0
2489,1,7,0
2489,0,8,0
2489,1,8,2
2489,0,9,6
2489,1,9,0
2490,0,1,0
2490,1,1,0
2490,0,2,2
2490,1,2,2
2490,0,3,0
2490,1,3,1
2490,0,4,1
2490,1,4,0
2490,0,5,0
2490,1,5,0
2490,0,6,0
2490,1,6,2
2490,0,7,0
2490,1,7,0
2490,0,8,0
2490,1,8,1
2490,0,9,0
2490,1,9,0
2491,0,1,0
2491,1,1,1
2491,0,2,0
2491,1,2,0
2491,0,3,0
2491,1,3,0
2491,0,4,0
2491,1,4,0
2491,0,5,0
2491,1,5,0
2491,0,6,2
2491,1,6,0
2491,0,7,2
2491,1,7,1
2491,0,8,3
2491,1,8,0
2491,0,9,0
2491,1,9,0
2492,0,1,0
2492,1,1,0
2492,0,2,0
2492,1,2,0
2492,0,3,0
2492,1,3,0
2492,0,4,0
2492,1,4,0
2492,0,5,0
2492,1,5,0
2492,0,6,0
2492,1,6,0
2492,0,7,0
2492,1,7,0
2492,0,8,1
2492,1,8,0
2492,0,9,2
2492,1,9,1
2493,0,1,0
2493,1,1,0
2493,0,2,1
2493,1,2,0
2493,0,3,0
2493,1,3,0
2493,0,4,0
2493,1,4,0
2493,0,5,2
2493,1,5,0
2493,0,6,0
2493,1,6,2
2493,0,7,0
2493,1,7,0
2493,0,8,3
2493,1,8,1
2493,0,9,2
2493,1,9,0
2494,0,1,0
2494,1,1,0
2494,0,2,0
2494,1,2,0
2494,0,3,0
2494,1,3,4
2494,0,4,0
2494,1,4,0
2494,0,5,0
2494,1,5,0
2494,0,6,1
2494,1,6,0
2494,0,7,6
2494,1,7,4
2494,0,8,0
2494,1,8,0
2494,0,9,0
2494,1,9,0
2495,0,1,0
2495,1,1,0
2495,0,2,0
2495,1,2,0
2495,0,3,0
2495,1,3,0
2495,0,4,1
2495,1,4,5
2495,0,5,1
2495,1,5,0
2495,0,6,0
2495,1,6,0
2495,0,7,0
2495,1,7,0
2495,0,8,3
2495,1,8,0
2495,0,9,0
2495,1,9,0
2495,0,10,0
2495,1,10,0
2495,0,11,1
2495,1,11,0
2496,0,1,0
2496,1,1,0
2496,0,2,0
2496,1,2,1
2496,0,3,0
2496,1,3,0
2496,0,4,0
2496,1,4,0
2496,0,5,0
2496,1,5,5
2496,0,6,0
2496,1,6,0
2496,0,7,4
2496,1,7,2
2496,0,8,1
2496,1,8,0
2496,0,9,1
2496,1,9,0
2497,0,1,2
2497,1,1,0
2497,0,2,2
2497,1,2,2
2497,0,3,0
2497,1,3,0
2497,0,4,0
2497,1,4,0
2497,0,5,2
2497,1,5,1
2497,0,6,1
2497,1,6,4
2497,0,7,0
2497,1,7,0
2497,0,8,0
2497,1,8,3
2497,0,9,2
2497,1,9,0
2498,0,1,0
2498,1,1,0
2498,0,2,0
2498,1,2,0
2498,0,3,0
2498,1,3,5
2498,0,4,0
2498,1,4,0
2498,0,5,0
2498,1,5,0
2498,0,6,0
2498,1,6,1
2498,0,7,0
2498,1,7,0
2498,0,8,4
2498,1,8,1
2498,0,9,0
2498,1,9,0
2499,0,1,2
2499,1,1,0
2499,0,2,0
2499,1,2,0
2499,0,3,0
2499,1,3,0
2499,0,4,0
2499,1,4,0
2499,0,5,1
2499,1,5,0
2499,0,6,0
2499,1,6,3
2499,0,7,0
2499,1,7,0
2499,0,8,0
2499,1,8,0
2499,0,9,1
2499,1,9,2
2500,0,1,0
2500,1,1,0
2500,0,2,0
2500,1,2,0
2500,0,3,2
2500,1,3,0
2500,0,4,0
2500,1,4,0
2500,0,5,0
2500,1,5,2
2500,0,6,0
2500,1,6,0
2500,0,7,0
2500,1,7,1
2500,0,8,0
2500,1,8,0
2500,0,9,0
2500,1,9,0
2501,0,1,1
2501,1,1,0
2501,0,2,0
2501,1,2,0
2501,0,3,2
2501,1,3,1
2501,0,4,1
2501,1,4,2
2501,0,5,0
2501,1,5,0
2501,0,6,1
2501,1,6,2
2501,0,7,0
2501,1,7,3
2501,0,8,0
2501,1,8,2
2501,0,9,6
2501,1,9,1
2501,0,10,1
2501,1,10,2
2502,0,1,1
2502,1,1,1
2502,0,2,0
2502,1,2,3
2502,0,3,0
2502,1,3,0
2502,0,4,0
2502,1,4,1
2502,0,5,0
2502,1,5,0
2502,0,6,0
2502,1,6,0
2502,0,7,0
2502,1,7,4
2502,0,8,0
2502,1,8,0
2502,0,9,0
2502,1,9,0
2503,0,1,3
2503,1,1,2
2503,0,2,0
2503,1,2,1
2503,0,3,0
2503,1,3,0
2503,0,4,2
2503,1,4,0
2503,0,5,0
2503,1,5,0
2503,0,6,0
2503,1,6,0
2503,0,7,0
2503,1,7,0
2503,0,8,1
2503,1,8,1
2503,0,9,0
2503,1,9,0
2504,0,1,0
2504,1,1,0
2504,0,2,0
2504,1,2,0
2504,0,3,0
2504,1,3,0
2504,0,4,1
2504,1,4,2
2504,0,5,0
2504,1,5,0
2504,0,6,0
2504,1,6,0
2504,0,7,0
2504,1,7,0
2504,0,8,0
2504,1,8,1
2504,0,9,1
2504,1,9,0
2505,0,1,0
2505,1,1,1
2505,0,2,0
2505,1,2,0
2505,0,3,0
2505,1,3,0
2505,0,4,0
2505,1,4,0
2505,0,5,0
2505,1,5,0
2505,0,6,0
2505,1,6,0
2505,0,7,0
2505,1,7,0
2505,0,8,0
2505,1,8,0
2505,0,9,0
2505,1,9,0
2506,0,1,2
2506,1,1,0
2506,0,2,0
2506,1,2,3
2506,0,3,0
2506,1,3,0
2506,0,4,0
2506,1,4,0
2506,0,5,0
2506,1,5,1
2506,0,6,1
2506,1,6,0
2506,0,7,0
2506,1,7,0
2506,0,8,1
2506,1,8,0
2506,0,9,2
2506,1,9,1
2507,0,1,0
2507,1,1,0
2507,0,2,0
2507,1,2,0
2507,0,3,0
2507,1,3,0
2507,0,4,1
2507,1,4,2
2507,0,5,0
2507,1,5,0
2507,0,6,0
2507,1,6,0
2507,0,7,0
2507,1,7,0
2507,0,8,6
2507,1,8,1
2507,0,9,0
2507,1,9,0
2508,0,1,0
2508,1,1,0
2508,0,2,0
2508,1,2,0
2508,0,3,0
2508,1,3,0
2508,0,4,0
2508,1,4,0
2508,0,5,0
2508,1,5,0
2508,0,6,0
2508,1,6,3
2508,0,7,0
2508,1,7,0
2508,0,8,0
2508,1,8,0
2508,0,9,0
2508,1,9,0
2509,0,1,0
2509,1,1,0
2509,0,2,0
2509,1,2,0
2509,0,3,0
2509,1,3,0
2509,0,4,0
2509,1,4,2
2509,0,5,0
2509,1,5,0
2509,0,6,0
2509,1,6,0
2509,0,7,0
2509,1,7,0
2509,0,8,2
2509,1,8,0
2509,0,9,0
2509,1,9,1
2510,0,1,1
2510,1,1,0
2510,0,2,0
2510,1,2,0
2510,0,3,2
2510,1,3,0
2510,0,4,0
2510,1,4,0
2510,0,5,0
2510,1,5,0
2510,0,6,0
2510,1,6,0
2510,0,7,0
2510,1,7,0
2510,0,8,0
2510,1,8,0
2510,0,9,1
2510,1,9,0
2511,0,1,2
2511,1,1,1
2511,0,2,0
2511,1,2,0
2511,0,3,2
2511,1,3,0
2511,0,4,0
2511,1,4,0
2511,0,5,1
2511,1,5,0
2511,0,6,0
2511,1,6,3
2511,0,7,1
2511,1,7,2
2511,0,8,0
2511,1,8,0
2511,0,9,0
2511,1,9,0
2511,0,10,0
2511,1,10,0
2511,0,11,2
2511,1,11,0
2512,0,1,0
2512,1,1,0
2512,0,2,0
2512,1,2,0
2512,0,3,0
2512,1,3,0
2512,0,4,0
2512,1,4,0
2512,0,5,2
2512,1,5,0
2512,0,6,1
2512,1,6,2
2512,0,7,0
2512,1,7,0
2512,0,8,0
2512,1,8,0
2512,0,9,0
2512,1,9,0
2513,0,1,0
2513,1,1,0
2513,0,2,0
2513,1,2,0
2513,0,3,0
2513,1,3,0
2513,0,4,0
2513,1,4,4
2513,0,5,2
2513,1,5,0
2513,0,6,3
2513,1,6,0
2513,0,7,2
2513,1,7,0
2513,0,8,0
2513,1,8,0
2513,0,9,4
2513,1,9,0
2514,0,1,0
2514,1,1,0
2514,0,2,2
2514,1,2,0
2514,0,3,0
2514,1,3,0
2514,0,4,0
2514,1,4,2
2514,0,5,0
2514,1,5,0
2514,0,6,2
2514,1,6,0
2514,0,7,0
2514,1,7,0
2514,0,8,7
2514,1,8,0
2514,0,9,0
2514,1,9,0
2515,0,1,0
2515,1,1,1
2515,0,2,0
2515,1,2,1
2515,0,3,0
2515,1,3,7
2515,0,4,0
2515,1,4,0
2515,0,5,0
2515,1,5,0
2515,0,6,0
2515,1,6,0
2515,0,7,0
2515,1,7,1
2515,0,8,0
2515,1,8,0
2515,0,9,0
2515,1,9,0
2516,0,1,0
2516,1,1,0
2516,0,2,2
2516,1,2,1
2516,0,3,0
2516,1,3,1
2516,0,4,0
2516,1,4,0
2516,0,5,0
2516,1,5,5
2516,0,6,2
2516,1,6,0
2516,0,7,0
2516,1,7,2
2516,0,8,1
2516,1,8,0
2516,0,9,0
2516,1,9,0
2517,0,1,0
2517,1,1,0
2517,0,2,2
2517,1,2,0
2517,0,3,5
2517,1,3,1
2517,0,4,0
2517,1,4,1
2517,0,5,0
2517,1,5,0
2517,0,6,0
2517,1,6,0
2517,0,7,4
2517,1,7,0
2517,0,8,1
2517,1,8,1
2517,0,9,0
2517,1,9,1
2518,0,1,1
2518,1,1,0
2518,0,2,1
2518,1,2,0
2518,0,3,0
2518,1,3,0
2518,0,4,0
2518,1,4,0
2518,0,5,1
2518,1,5,0
2518,0,6,1
2518,1,6,0
2518,0,7,0
2518,1,7,0
2518,0,8,0
2518,1,8,0
2518,0,9,0
2518,1,9,1
2519,0,1,0
2519,1,1,2
2519,0,2,0
2519,1,2,5
2519,0,3,5
2519,1,3,2
2519,0,4,0
2519,1,4,3
2519,0,5,0
2519,1,5,0
2519,0,6,0
2519,1,6,0
2519,0,7,0
2519,1,7,0
2519,0,8,0
2519,1,8,0
2519,0,9,0
2519,1,9,0
2520,0,1,0
2520,1,1,0
2520,0,2,6
2520,1,2,0
2520,0,3,0
2520,1,3,1
2520,0,4,0
2520,1,4,0
2520,0,5,1
2520,1,5,0
2520,0,6,6
2520,1,6,1
2520,0,7,0
2520,1,7,3
2520,0,8,1
2520,1,8,0
2520,0,9,0
2520,1,9,0
2521,0,1,0
2521,1,1,0
2521,0,2,5
2521,1,2,0
2521,0,3,0
2521,1,3,0
2521,0,4,4
2521,1,4,1
2521,0,5,0
2521,1,5,0
2521,0,6,0
2521,1,6,1
2521,0,7,0
2521,1,7,0
2521,0,8,0
2521,1,8,1
2521,0,9,1
2521,1,9,0
2522,0,1,2
2522,1,1,0
2522,0,2,0
2522,1,2,0
2522,0,3,0
2522,1,3,0
2522,0,4,0
2522,1,4,0
2522,0,5,0
2522,1,5,0
2522,0,6,0
2522,1,6,0
2522,0,7,0
2522,1,7,0
2522,0,8,2
2522,1,8,0
2522,0,9,1
2522,1,9,2
2523,0,1,2
2523,1,1,0
2523,0,2,0
2523,1,2,5
2523,0,3,2
2523,1,3,4
2523,0,4,0
2523,1,4,0
2523,0,5,0
2523,1,5,0
2523,0,6,0
2523,1,6,0
2523,0,7,0
2523,1,7,0
2523,0,8,0
2523,1,8,0
2523,0,9,4
2523,1,9,0
2524,0,1,1
2524,1,1,1
2524,0,2,0
2524,1,2,0
2524,0,3,0
2524,1,3,3
2524,0,4,3
2524,1,4,1
2524,0,5,0
2524,1,5,0
2524,0,6,4
2524,1,6,3
2524,0,7,0
2524,1,7,0
2524,0,8,0
2524,1,8,0
2524,0,9,0
2524,1,9,0
2524,0,10,0
2524,1,10,0
2524,0,11,0
2524,1,11,0
2524,0,12,0
2524,1,12,0
2524,0,13,0
2524,1,13,0
2524,0,14,0
2524,1,14,1
2525,0,1,2
2525,1,1,0
2525,0,2,0
2525,1,2,0
2525,0,3,1
2525,1,3,0
2525,0,4,0
2525,1,4,0
2525,0,5,0
2525,1,5,0
2525,0,6,4
2525,1,6,3
2525,0,7,2
2525,1,7,1
2525,0,8,1
2525,1,8,1
2525,0,9,0
2525,1,9,2
2526,0,1,0
2526,1,1,0
2526,0,2,0
2526,1,2,0
2526,0,3,0
2526,1,3,0
2526,0,4,0
2526,1,4,0
2526,0,5,0
2526,1,5,0
2526,0,6,1
2526,1,6,0
2526,0,7,2
2526,1,7,0
2526,0,8,0
2526,1,8,0
2526,0,9,1
2526,1,9,0
2527,0,1,0
2527,1,1,3
2527,0,2,2
2527,1,2,2
2527,0,3,0
2527,1,3,0
2527,0,4,0
2527,1,4,0
2527,0,5,1
2527,1,5,2
2527,0,6,0
2527,1,6,0
2527,0,7,0
2527,1,7,0
2527,0,8,0
2527,1,8,2
2527,0,9,0
2527,1,9,0
2528,0,1,3
2528,1,1,0
2528,0,2,0
2528,1,2,0
2528,0,3,0
2528,1,3,1
2528,0,4,1
2528,1,4,2
2528,0,5,0
2528,1,5,1
2528,0,6,0
2528,1,6,1
2528,0,7,4
2528,1,7,0
2528,0,8,2
2528,1,8,0
2528,0,9,0
2528,1,9,1
2529,0,1,3
2529,1,1,1
2529,0,2,0
2529,1,2,0
2529,0,3,0
2529,1,3,1
2529,0,4,1
2529,1,4,0
2529,0,5,0
2529,1,5,0
2529,0,6,0
2529,1,6,2
2529,0,7,0
2529,1,7,0
2529,0,8,0
2529,1,8,0
2529,0,9,0
2529,1,9,1
2530,0,1,0
2530,1,1,0
2530,0,2,1
2530,1,2,0
2530,0,3,0
2530,1,3,1
2530,0,4,0
2530,1,4,0
2530,0,5,0
2530,1,5,0
2530,0,6,2
2530,1,6,0
2530,0,7,0
2530,1,7,0
2530,0,8,0
2530,1,8,0
2530,0,9,2
2530,1,9,1
2531,0,1,0
2531,1,1,0
2531,0,2,0
2531,1,2,0
2531,0,3,0
2531,1,3,1
2531,0,4,0
2531,1,4,0
2531,0,5,2
2531,1,5,0
2531,0,6,4
2531,1,6,1
2531,0,7,0
2531,1,7,0
2531,0,8,0
2531,1,8,0
2531,0,9,3
2531,1,9,0
2532,0,1,1
2532,1,1,0
2532,0,2,0
2532,1,2,0
2532,0,3,1
2532,1,3,0
2532,0,4,0
2532,1,4,0
2532,0,5,0
2532,1,5,0
2532,0,6,0
2532,1,6,0
2532,0,7,0
2532,1,7,0
2532,0,8,0
2532,1,8,1
2532,0,9,0
2532,1,9,0
2533,0,1,0
2533,1,1,0
2533,0,2,1
2533,1,2,1
2533,0,3,1
2533,1,3,0
2533,0,4,1
2533,1,4,0
2533,0,5,0
2533,1,5,2
2533,0,6,0
2533,1,6,0
2533,0,7,0
2533,1,7,0
2533,0,8,0
2533,1,8,2
2533,0,9,0
2533,1,9,0
2534,0,1,0
2534,1,1,0
2534,0,2,0
2534,1,2,0
2534,0,3,0
2534,1,3,0
2534,0,4,0
2534,1,4,0
2534,0,5,0
2534,1,5,0
2534,0,6,0
2534,1,6,0
2534,0,7,0
2534,1,7,0
2534,0,8,3
2534,1,8,0
2534,0,9,1
2534,1,9,1
2535,0,1,0
2535,1,1,1
2535,0,2,0
2535,1,2,0
2535,0,3,0
2535,1,3,0
2535,0,4,0
2535,1,4,0
2535,0,5,0
2535,1,5,0
2535,0,6,1
2535,1,6,0
2535,0,7,0
2535,1,7,0
2535,0,8,2
2535,1,8,0
2535,0,9,0
2535,1,9,0
2536,0,1,0
2536,1,1,1
2536,0,2,1
2536,1,2,0
2536,0,3,0
2536,1,3,4
2536,0,4,0
2536,1,4,0
2536,0,5,4
2536,1,5,0
2536,0,6,1
2536,1,6,3
2536,0,7,0
2536,1,7,0
2536,0,8,0
2536,1,8,1
2536,0,9,0
2536,1,9,0
2537,0,1,0
2537,1,1,0
2537,0,2,0
2537,1,2,0
2537,0,3,0
2537,1,3,1
2537,0,4,2
2537,1,4,0
2537,0,5,0
2537,1,5,0
2537,0,6,0
2537,1,6,0
2537,0,7,1
2537,1,7,3
2537,0,8,0
2537,1,8,1
2537,0,9,0
2537,1,9,0
2538,0,1,1
2538,1,1,0
2538,0,2,0
2538,1,2,0
2538,0,3,0
2538,1,3,2
2538,0,4,0
2538,1,4,0
2538,0,5,0
2538,1,5,0
2538,0,6,0
2538,1,6,0
2538,0,7,0
2538,1,7,1
2538,0,8,0
2538,1,8,2
2538,0,9,0
2538,1,9,0
2539,0,1,0
2539,1,1,1
2539,0,2,1
2539,1,2,2
2539,0,3,0
2539,1,3,2
2539,0,4,0
2539,1,4,3
2539,0,5,0
2539,1,5,0
2539,0,6,0
2539,1,6,0
2539,0,7,0
2539,1,7,0
2539,0,8,0
2539,1,8,0
2539,0,9,0
2539,1,9,0
2540,0,1,0
2540,1,1,0
2540,0,2,2
2540,1,2,1
2540,0,3,0
2540,1,3,1
2540,0,4,2
2540,1,4,0
2540,0,5,1
2540,1,5,0
2540,0,6,0
2540,1,6,0
2540,0,7,1
2540,1,7,0
2540,0,8,0
2540,1,8,0
2540,0,9,0
2540,1,9,0
2541,0,1,0
2541,1,1,0
2541,0,2,1
2541,1,2,0
2541,0,3,1
2541,1,3,1
2541,0,4,4
2541,1,4,0
2541,0,5,0
2541,1,5,0
2541,0,6,3
2541,1,6,1
2541,0,7,0
2541,1,7,2
2541,0,8,0
2541,1,8,2
2541,0,9,0
2541,1,9,0
2542,0,1,0
2542,1,1,0
2542,0,2,0
2542,1,2,0
2542,0,3,0
2542,1,3,0
2542,0,4,0
2542,1,4,0
2542,0,5,0
2542,1,5,0
2542,0,6,0
2542,1,6,0
2542,0,7,0
2542,1,7,0
2542,0,8,0
2542,1,8,0
2542,0,9,0
2542,1,9,0
2542,0,10,0
2542,1,10,0
2542,0,11,0
2542,1,11,1
2543,0,1,1
2543,1,1,0
2543,0,2,0
2543,1,2,0
2543,0,3,0
2543,1,3,0
2543,0,4,0
2543,1,4,0
2543,0,5,0
2543,1,5,1
2543,0,6,0
2543,1,6,1
2543,0,7,0
2543,1,7,0
2543,0,8,0
2543,1,8,0
2543,0,9,0
2543,1,9,0
2544,0,1,0
2544,1,1,0
2544,0,2,2
2544,1,2,0
2544,0,3,0
2544,1,3,1
2544,0,4,0
2544,1,4,2
2544,0,5,0
2544,1,5,0
2544,0,6,0
2544,1,6,0
2544,0,7,0
2544,1,7,0
2544,0,8,0
2544,1,8,0
2544,0,9,0
2544,1,9,0
2545,0,1,0
2545,1,1,0
2545,0,2,0
2545,1,2,2
2545,0,3,0
2545,1,3,0
2545,0,4,2
2545,1,4,3
2545,0,5,0
2545,1,5,1
2545,0,6,1
2545,1,6,0
2545,0,7,0
2545,1,7,0
2545,0,8,1
2545,1,8,0
2545,0,9,0
2545,1,9,0
2546,0,1,0
2546,1,1,0
2546,0,2,0
2546,1,2,0
2546,0,3,0
2546,1,3,4
2546,0,4,0
2546,1,4,0
2546,0,5,0
2546,1,5,0
2546,0,6,1
2546,1,6,0
2546,0,7,1
2546,1,7,3
2546,0,8,0
2546,1,8,5
2546,0,9,0
2546,1,9,0
2547,0,1,0
2547,1,1,0
2547,0,2,0
2547,1,2,0
2547,0,3,0
2547,1,3,0
2547,0,4,0
2547,1,4,2
2547,0,5,0
2547,1,5,2
2547,0,6,1
2547,1,6,1
2547,0,7,0
2547,1,7,0
2547,0,8,0
2547,1,8,1
2547,0,9,3
2547,1,9,0
2548,0,1,1
2548,1,1,1
2548,0,2,0
2548,1,2,2
2548,0,3,2
2548,1,3,0
2548,0,4,0
2548,1,4,0
2548,0,5,0
2548,1,5,1
2548,0,6,0
2548,1,6,0
2548,0,7,0
2548,1,7,0
2548,0,8,0
2548,1,8,0
2548,0,9,0
2548,1,9,0
2549,0,1,0
2549,1,1,3
2549,0,2,3
2549,1,2,0
2549,0,3,0
2549,1,3,1
2549,0,4,1
2549,1,4,0
2549,0,5,0
2549,1,5,1
2549,0,6,0
2549,1,6,1
2549,0,7,0
2549,1,7,0
2549,0,8,0
2549,1,8,4
2549,0,9,0
2549,1,9,0
2550,0,1,1
2550,1,1,0
2550,0,2,2
2550,1,2,3
2550,0,3,1
2550,1,3,1
2550,0,4,4
2550,1,4,0
2550,0,5,0
2550,1,5,1
2550,0,6,0
2550,1,6,2
2550,0,7,0
2550,1,7,0
2550,0,8,2
2550,1,8,1
2550,0,9,0
2550,1,9,0
2551,0,1,2
2551,1,1,0
2551,0,2,0
2551,1,2,0
2551,0,3,1
2551,1,3,0
2551,0,4,0
2551,1,4,0
2551,0,5,2
2551,1,5,0
2551,0,6,0
2551,1,6,0
2551,0,7,2
2551,1,7,0
2551,0,8,0
2551,1,8,3
2551,0,9,1
2551,1,9,0
2552,0,1,2
2552,1,1,0
2552,0,2,0
2552,1,2,1
2552,0,3,0
2552,1,3,0
2552,0,4,2
2552,1,4,0
2552,0,5,0
2552,1,5,2
2552,0,6,0
2552,1,6,2
2552,0,7,0
2552,1,7,0
2552,0,8,0
2552,1,8,6
2552,0,9,0
2552,1,9,0
2553,0,1,0
2553,1,1,3
2553,0,2,1
2553,1,2,2
2553,0,3,0
2553,1,3,1
2553,0,4,0
2553,1,4,3
2553,0,5,1
2553,1,5,0
2553,0,6,0
2553,1,6,2
2553,0,7,1
2553,1,7,4
2553,0,8,0
2553,1,8,0
2553,0,9,0
2553,1,9,0
2554,0,1,2
2554,1,1,0
2554,0,2,0
2554,1,2,0
2554,0,3,0
2554,1,3,0
2554,0,4,0
2554,1,4,0
2554,0,5,0
2554,1,5,1
2554,0,6,0
2554,1,6,0
2554,0,7,3
2554,1,7,1
2554,0,8,1
2554,1,8,5
2554,0,9,0
2554,1,9,0
2555,0,1,0
2555,1,1,0
2555,0,2,0
2555,1,2,0
2555,0,3,0
2555,1,3,0
2555,0,4,0
2555,1,4,0
2555,0,5,0
2555,1,5,0
2555,0,6,0
2555,1,6,0
2555,0,7,0
2555,1,7,0
2555,0,8,0
2555,1,8,0
2555,0,9,0
2555,1,9,1
2556,0,1,1
2556,1,1,0
2556,0,2,1
2556,1,2,0
2556,0,3,0
2556,1,3,0
2556,0,4,0
2556,1,4,0
2556,0,5,0
2556,1,5,0
2556,0,6,1
2556,1,6,0
2556,0,7,0
2556,1,7,0
2556,0,8,0
2556,1,8,0
2556,0,9,0
2556,1,9,2
2557,0,1,2
2557,1,1,1
2557,0,2,2
2557,1,2,0
2557,0,3,0
2557,1,3,1
2557,0,4,0
2557,1,4,2
2557,0,5,0
2557,1,5,0
2557,0,6,0
2557,1,6,0
2557,0,7,4
2557,1,7,0
2557,0,8,0
2557,1,8,0
2557,0,9,3
2557,1,9,0
2558,0,1,0
2558,1,1,3
2558,0,2,0
2558,1,2,1
2558,0,3,1
2558,1,3,0
2558,0,4,2
2558,1,4,0
2558,0,5,4
2558,1,5,1
2558,0,6,2
2558,1,6,0
2558,0,7,4
2558,1,7,0
2558,0,8,1
2558,1,8,1
2558,0,9,0
2558,1,9,0
2559,0,1,2
2559,1,1,4
2559,0,2,0
2559,1,2,4
2559,0,3,0
2559,1,3,1
2559,0,4,0
2559,1,4,8
2559,0,5,0
2559,1,5,2
2559,0,6,1
2559,1,6,0
2559,0,7,0
2559,1,7,0
2559,0,8,0
2559,1,8,0
2559,0,9,0
2559,1,9,0
2560,0,1,0
2560,1,1,0
2560,0,2,0
2560,1,2,1
2560,0,3,1
2560,1,3,3
2560,0,4,0
2560,1,4,1
2560,0,5,1
2560,1,5,0
2560,0,6,0
2560,1,6,0
2560,0,7,0
2560,1,7,1
2560,0,8,0
2560,1,8,0
2560,0,9,1
2560,1,9,0
2561,0,1,0
2561,1,1,0
2561,0,2,0
2561,1,2,0
2561,0,3,0
2561,1,3,0
2561,0,4,0
2561,1,4,0
2561,0,5,0
2561,1,5,0
2561,0,6,3
2561,1,6,0
2561,0,7,0
2561,1,7,2
2561,0,8,0
2561,1,8,0
2561,0,9,0
2561,1,9,0
2562,0,1,1
2562,1,1,0
2562,0,2,0
2562,1,2,0
2562,0,3,2
2562,1,3,2
2562,0,4,2
2562,1,4,0
2562,0,5,2
2562,1,5,0
2562,0,6,1
2562,1,6,0
2562,0,7,0
2562,1,7,1
2562,0,8,0
2562,1,8,5
2562,0,9,1
2562,1,9,0
2563,0,1,0
2563,1,1,2
2563,0,2,0
2563,1,2,0
2563,0,3,0
2563,1,3,0
2563,0,4,0
2563,1,4,0
2563,0,5,0
2563,1,5,0
2563,0,6,0
2563,1,6,0
2563,0,7,0
2563,1,7,3
2563,0,8,3
2563,1,8,0
2563,0,9,0
2563,1,9,0
2564,0,1,0
2564,1,1,1
2564,0,2,0
2564,1,2,3
2564,0,3,0
2564,1,3,1
2564,0,4,0
2564,1,4,2
2564,0,5,2
2564,1,5,0
2564,0,6,0
2564,1,6,0
2564,0,7,0
2564,1,7,0
2564,0,8,0
2564,1,8,0
2564,0,9,0
2564,1,9,0
2565,0,1,2
2565,1,1,0
2565,0,2,0
2565,1,2,0
2565,0,3,0
2565,1,3,1
2565,0,4,0
2565,1,4,1
2565,0,5,0
2565,1,5,0
2565,0,6,0
2565,1,6,0
2565,0,7,0
2565,1,7,3
2565,0,8,0
2565,1,8,0
2565,0,9,0
2565,1,9,0
2566,0,1,0
2566,1,1,0
2566,0,2,0
2566,1,2,0
2566,0,3,0
2566,1,3,0
2566,0,4,0
2566,1,4,0
2566,0,5,0
2566,1,5,0
2566,0,6,1
2566,1,6,1
2566,0,7,0
2566,1,7,5
2566,0,8,0
2566,1,8,0
2566,0,9,0
2566,1,9,0
2567,0,1,0
2567,1,1,0
2567,0,2,3
2567,1,2,0
2567,0,3,1
2567,1,3,0
2567,0,4,0
2567,1,4,6
2567,0,5,4
2567,1,5,0
2567,0,6,2
2567,1,6,0
2567,0,7,0
2567,1,7,5
2567,0,8,0
2567,1,8,0
2567,0,9,0
2567,1,9,0
2568,0,1,0
2568,1,1,1
2568,0,2,0
2568,1,2,0
2568,0,3,1
2568,1,3,0
2568,0,4,2
2568,1,4,2
2568,0,5,0
2568,1,5,0
2568,0,6,0
2568,1,6,1
2568,0,7,0
2568,1,7,0
2568,0,8,3
2568,1,8,1
2568,0,9,0
2568,1,9,0
2569,0,1,1
2569,1,1,0
2569,0,2,0
2569,1,2,0
2569,0,3,1
2569,1,3,0
2569,0,4,1
2569,1,4,0
2569,0,5,0
2569,1,5,0
2569,0,6,1
2569,1,6,1
2569,0,7,0
2569,1,7,0
2569,0,8,0
2569,1,8,0
2569,0,9,0
2569,1,9,0
2570,0,1,2
2570,1,1,0
2570,0,2,0
2570,1,2,0
2570,0,3,0
2570,1,3,1
2570,0,4,0
2570,1,4,0
2570,0,5,0
2570,1,5,1
2570,0,6,1
2570,1,6,1
2570,0,7,0
2570,1,7,1
2570,0,8,0
2570,1,8,0
2570,0,9,0
2570,1,9,0
2571,0,1,0
2571,1,1,3
2571,0,2,1
2571,1,2,0
2571,0,3,0
2571,1,3,0
2571,0,4,1
2571,1,4,0
2571,0,5,1
2571,1,5,1
2571,0,6,1
2571,1,6,0
2571,0,7,0
2571,1,7,0
2571,0,8,2
2571,1,8,0
2571,0,9,0
2571,1,9,0
2572,0,1,0
2572,1,1,0
2572,0,2,0
2572,1,2,1
2572,0,3,0
2572,1,3,0
2572,0,4,0
2572,1,4,0
2572,0,5,0
2572,1,5,0
2572,0,6,0
2572,1,6,0
2572,0,7,1
2572,1,7,0
2572,0,8,7
2572,1,8,0
2572,0,9,0
2572,1,9,2
2573,0,1,1
2573,1,1,1
2573,0,2,0
2573,1,2,2
2573,0,3,0
2573,1,3,0
2573,0,4,0
2573,1,4,0
2573,0,5,0
2573,1,5,0
2573,0,6,0
2573,1,6,2
2573,0,7,2
2573,1,7,0
2573,0,8,0
2573,1,8,0
2573,0,9,0
2573,1,9,0
2574,0,1,0
2574,1,1,0
2574,0,2,0
2574,1,2,2
2574,0,3,3
2574,1,3,0
2574,0,4,0
2574,1,4,0
2574,0,5,0
2574,1,5,0
2574,0,6,0
2574,1,6,0
2574,0,7,2
2574,1,7,0
2574,0,8,6
2574,1,8,0
2574,0,9,1
2574,1,9,0
2575,0,1,0
2575,1,1,0
2575,0,2,2
2575,1,2,4
2575,0,3,0
2575,1,3,2
2575,0,4,0
2575,1,4,0
2575,0,5,1
2575,1,5,0
2575,0,6,0
2575,1,6,1
2575,0,7,1
2575,1,7,0
2575,0,8,0
2575,1,8,0
2575,0,9,0
2575,1,9,0
2576,0,1,1
2576,1,1,0
2576,0,2,0
2576,1,2,0
2576,0,3,0
2576,1,3,0
2576,0,4,0
2576,1,4,0
2576,0,5,0
2576,1,5,0
2576,0,6,0
2576,1,6,1
2576,0,7,0
2576,1,7,0
2576,0,8,0
2576,1,8,0
2576,0,9,1
2576,1,9,1
2576,0,10,0
2576,1,10,1
2577,0,1,2
2577,1,1,0
2577,0,2,0
2577,1,2,0
2577,0,3,0
2577,1,3,1
2577,0,4,0
2577,1,4,0
2577,0,5,0
2577,1,5,0
2577,0,6,0
2577,1,6,0
2577,0,7,4
2577,1,7,0
2577,0,8,0
2577,1,8,2
2577,0,9,0
2577,1,9,3
2577,0,10,4
2577,1,10,0
2578,0,1,0
2578,1,1,0
2578,0,2,0
2578,1,2,0
2578,0,3,0
2578,1,3,0
2578,0,4,3
2578,1,4,1
2578,0,5,0
2578,1,5,3
2578,0,6,1
2578,1,6,2
2578,0,7,0
2578,1,7,3
2578,0,8,1
2578,1,8,0
2578,0,9,0
2578,1,9,0
2579,0,1,3
2579,1,1,0
2579,0,2,0
2579,1,2,0
2579,0,3,0
2579,1,3,0
2579,0,4,0
2579,1,4,0
2579,0,5,1
2579,1,5,0
2579,0,6,0
2579,1,6,0
2579,0,7,2
2579,1,7,0
2579,0,8,0
2579,1,8,0
2579,0,9,0
2579,1,9,0
2580,0,1,3
2580,1,1,0
2580,0,2,0
2580,1,2,0
2580,0,3,0
2580,1,3,0
2580,0,4,0
2580,1,4,0
2580,0,5,1
2580,1,5,1
2580,0,6,0
2580,1,6,1
2580,0,7,2
2580,1,7,0
2580,0,8,0
2580,1,8,1
2580,0,9,1
2580,1,9,0
2581,0,1,0
2581,1,1,0
2581,0,2,0
2581,1,2,0
2581,0,3,2
2581,1,3,0
2581,0,4,0
2581,1,4,0
2581,0,5,0
2581,1,5,0
2581,0,6,2
2581,1,6,0
2581,0,7,1
2581,1,7,0
2581,0,8,0
2581,1,8,1
2581,0,9,0
2581,1,9,0
2582,0,1,0
2582,1,1,0
2582,0,2,0
2582,1,2,1
2582,0,3,0
2582,1,3,0
2582,0,4,0
2582,1,4,1
2582,0,5,0
2582,1,5,10
2582,0,6,0
2582,1,6,0
2582,0,7,1
2582,1,7,0
2582,0,8,2
2582,1,8,0
2582,0,9,0
2582,1,9,0
2583,0,1,0
2583,1,1,0
2583,0,2,2
2583,1,2,0
2583,0,3,0
2583,1,3,0
2583,0,4,0
2583,1,4,0
2583,0,5,0
2583,1,5,0
2583,0,6,0
2583,1,6,0
2583,0,7,2
2583,1,7,0
2583,0,8,1
2583,1,8,1
2583,0,9,4
2583,1,9,2
2584,0,1,0
2584,1,1,0
2584,0,2,0
2584,1,2,5
2584,0,3,0
2584,1,3,0
2584,0,4,3
2584,1,4,0
2584,0,5,0
2584,1,5,0
2584,0,6,0
2584,1,6,3
2584,0,7,1
2584,1,7,0
2584,0,8,0
2584,1,8,0
2584,0,9,0
2584,1,9,0
2585,0,1,0
2585,1,1,0
2585,0,2,1
2585,1,2,0
2585,0,3,1
2585,1,3,1
2585,0,4,0
2585,1,4,0
2585,0,5,0
2585,1,5,2
2585,0,6,1
2585,1,6,4
2585,0,7,2
2585,1,7,0
2585,0,8,0
2585,1,8,0
2585,0,9,0
2585,1,9,0
2586,0,1,2
2586,1,1,1
2586,0,2,0
2586,1,2,3
2586,0,3,0
2586,1,3,3
2586,0,4,0
2586,1,4,2
2586,0,5,0
2586,1,5,0
2586,0,6,2
2586,1,6,0
2586,0,7,0
2586,1,7,0
2586,0,8,0
2586,1,8,4
2586,0,9,4
2586,1,9,0
2587,0,1,1
2587,1,1,3
2587,0,2,1
2587,1,2,0
2587,0,3,0
2587,1,3,0
2587,0,4,3
2587,1,4,0
2587,0,5,1
2587,1,5,0
2587,0,6,3
2587,1,6,0
2587,0,7,1
2587,1,7,0
2587,0,8,3
2587,1,8,1
2587,0,9,0
2587,1,9,0
2588,0,1,0
2588,1,1,0
2588,0,2,1
2588,1,2,0
2588,0,3,0
2588,1,3,0
2588,0,4,0
2588,1,4,0
2588,0,5,0
2588,1,5,5
2588,0,6,0
2588,1,6,0
2588,0,7,1
2588,1,7,7
2588,0,8,1
2588,1,8,0
2588,0,9,0
2588,1,9,0
2589,0,1,0
2589,1,1,0
2589,0,2,1
2589,1,2,0
2589,0,3,1
2589,1,3,0
2589,0,4,1
2589,1,4,0
2589,0,5,0
2589,1,5,0
2589,0,6,0
2589,1,6,3
2589,0,7,0
2589,1,7,1
2589,0,8,2
2589,1,8,5
2589,0,9,0
2589,1,9,0
2590,0,1,0
2590,1,1,0
2590,0,2,0
2590,1,2,1
2590,0,3,0
2590,1,3,1
2590,0,4,0
2590,1,4,0
2590,0,5,1
2590,1,5,0
2590,0,6,0
2590,1,6,0
2590,0,7,3
2590,1,7,1
2590,0,8,0
2590,1,8,0
2590,0,9,0
2590,1,9,1
2590,0,10,0
2590,1,10,0
2590,0,11,0
2590,1,11,0
2590,0,12,3
2590,1,12,1
2591,0,1,4
2591,1,1,0
2591,0,2,0
2591,1,2,0
2591,0,3,0
2591,1,3,1
2591,0,4,8
2591,1,4,2
2591,0,5,1
2591,1,5,2
2591,0,6,1
2591,1,6,0
2591,0,7,4
2591,1,7,0
2591,0,8,0
2591,1,8,3
2591,0,9,0
2591,1,9,0
2592,0,1,1
2592,1,1,0
2592,0,2,0
2592,1,2,0
2592,0,3,1
2592,1,3,1
2592,0,4,0
2592,1,4,0
2592,0,5,0
2592,1,5,0
2592,0,6,0
2592,1,6,0
2592,0,7,0
2592,1,7,3
2592,0,8,0
2592,1,8,0
2592,0,9,0
2592,1,9,0
2593,0,1,0
2593,1,1,0
2593,0,2,0
2593,1,2,5
2593,0,3,0
2593,1,3,2
2593,0,4,0
2593,1,4,0
2593,0,5,0
2593,1,5,0
2593,0,6,1
2593,1,6,0
2593,0,7,0
2593,1,7,0
2593,0,8,1
2593,1,8,2
2593,0,9,4
2593,1,9,0
2594,0,1,0
2594,1,1,4
2594,0,2,2
2594,1,2,1
2594,0,3,3
2594,1,3,0
2594,0,4,0
2594,1,4,0
2594,0,5,0
2594,1,5,0
2594,0,6,0
2594,1,6,0
2594,0,7,0
2594,1,7,0
2594,0,8,1
2594,1,8,0
2594,0,9,1
2594,1,9,1
2595,0,1,0
2595,1,1,0
2595,0,2,0
2595,1,2,0
2595,0,3,0
2595,1,3,1
2595,0,4,1
2595,1,4,0
2595,0,5,1
2595,1,5,0
2595,0,6,1
2595,1,6,0
2595,0,7,0
2595,1,7,0
2595,0,8,0
2595,1,8,0
2595,0,9,0
2595,1,9,0
2596,0,1,2
2596,1,1,2
2596,0,2,0
2596,1,2,0
2596,0,3,0
2596,1,3,0
2596,0,4,0
2596,1,4,2
2596,0,5,0
2596,1,5,1
2596,0,6,1
2596,1,6,0
2596,0,7,3
2596,1,7,4
2596,0,8,0
2596,1,8,0
2596,0,9,0
2596,1,9,0
2597,0,1,0
2597,1,1,0
2597,0,2,0
2597,1,2,0
2597,0,3,0
2597,1,3,1
2597,0,4,0
2597,1,4,0
2597,0,5,2
2597,1,5,0
2597,0,6,0
2597,1,6,0
2597,0,7,0
2597,1,7,3
2597,0,8,0
2597,1,8,0
2597,0,9,0
2597,1,9,0
2598,0,1,0
2598,1,1,0
2598,0,2,2
2598,1,2,1
2598,0,3,0
2598,1,3,1
2598,0,4,0
2598,1,4,1
2598,0,5,0
2598,1,5,3
2598,0,6,0
2598,1,6,0
2598,0,7,2
2598,1,7,0
2598,0,8,4
2598,1,8,0
2598,0,9,1
2598,1,9,0
2599,0,1,0
2599,1,1,1
2599,0,2,0
2599,1,2,0
2599,0,3,2
2599,1,3,0
2599,0,4,0
2599,1,4,4
2599,0,5,0
2599,1,5,5
2599,0,6,0
2599,1,6,0
2599,0,7,0
2599,1,7,0
2599,0,8,3
2599,1,8,3
2599,0,9,0
2599,1,9,0
2600,0,1,0
2600,1,1,0
2600,0,2,0
2600,1,2,1
2600,0,3,0
2600,1,3,0
2600,0,4,3
2600,1,4,1
2600,0,5,0
2600,1,5,0
2600,0,6,0
2600,1,6,0
2600,0,7,1
2600,1,7,1
2600,0,8,1
2600,1,8,0
2600,0,9,0
2600,1,9,0
2601,0,1,0
2601,1,1,1
2601,0,2,0
2601,1,2,3
2601,0,3,2
2601,1,3,0
2601,0,4,0
2601,1,4,2
2601,0,5,0
2601,1,5,0
2601,0,6,0
2601,1,6,0
2601,0,7,2
2601,1,7,0
2601,0,8,0
2601,1,8,3
2601,0,9,2
2601,1,9,0
2602,0,1,0
2602,1,1,0
2602,0,2,0
2602,1,2,1
2602,0,3,4
2602,1,3,2
2602,0,4,0
2602,1,4,1
2602,0,5,2
2602,1,5,2
2602,0,6,0
2602,1,6,0
2602,0,7,0
2602,1,7,0
2602,0,8,0
2602,1,8,0
2602,0,9,0
2602,1,9,0
2602,0,10,1
2602,1,10,0
2603,0,1,0
2603,1,1,2
2603,0,2,0
2603,1,2,1
2603,0,3,1
2603,1,3,0
2603,0,4,0
2603,1,4,0
2603,0,5,0
2603,1,5,5
2603,0,6,0
2603,1,6,3
2603,0,7,0
2603,1,7,0
2603,0,8,0
2603,1,8,6
2603,0,9,0
2603,1,9,0
2604,0,1,1
2604,1,1,2
2604,0,2,0
2604,1,2,0
2604,0,3,0
2604,1,3,0
2604,0,4,0
2604,1,4,2
2604,0,5,2
2604,1,5,1
2604,0,6,0
2604,1,6,0
2604,0,7,0
2604,1,7,2
2604,0,8,0
2604,1,8,2
2604,0,9,0
2604,1,9,0
2605,0,1,1
2605,1,1,0
2605,0,2,2
2605,1,2,0
2605,0,3,0
2605,1,3,4
2605,0,4,0
2605,1,4,1
2605,0,5,7
2605,1,5,1
2605,0,6,2
2605,1,6,0
2605,0,7,0
2605,1,7,1
2605,0,8,0
2605,1,8,0
2605,0,9,0
2605,1,9,3
2606,0,1,3
2606,1,1,2
2606,0,2,1
2606,1,2,1
2606,0,3,0
2606,1,3,0
2606,0,4,0
2606,1,4,0
2606,0,5,0
2606,1,5,0
2606,0,6,0
2606,1,6,0
2606,0,7,0
2606,1,7,0
2606,0,8,4
2606,1,8,2
2606,0,9,1
2606,1,9,1
2607,0,1,2
2607,1,1,0
2607,0,2,0
2607,1,2,0
2607,0,3,0
2607,1,3,1
2607,0,4,1
2607,1,4,0
2607,0,5,0
2607,1,5,0
2607,0,6,0
2607,1,6,1
2607,0,7,0
2607,1,7,0
2607,0,8,0
2607,1,8,1
2607,0,9,0
2607,1,9,0
2607,0,10,0
2607,1,10,0
2607,0,11,1
2607,1,11,0
2608,0,1,0
2608,1,1,0
2608,0,2,0
2608,1,2,0
2608,0,3,4
2608,1,3,0
2608,0,4,0
2608,1,4,0
2608,0,5,0
2608,1,5,0
2608,0,6,0
2608,1,6,0
2608,0,7,0
2608,1,7,2
2608,0,8,0
2608,1,8,0
2608,0,9,0
2608,1,9,0
2609,0,1,0
2609,1,1,5
2609,0,2,2
2609,1,2,1
2609,0,3,0
2609,1,3,0
2609,0,4,3
2609,1,4,0
2609,0,5,0
2609,1,5,0
2609,0,6,0
2609,1,6,0
2609,0,7,1
2609,1,7,7
2609,0,8,0
2609,1,8,2
2609,0,9,0
2609,1,9,0
2610,0,1,1
2610,1,1,0
2610,0,2,6
2610,1,2,0
2610,0,3,0
2610,1,3,0
2610,0,4,1
2610,1,4,1
2610,0,5,0
2610,1,5,0
2610,0,6,0
2610,1,6,0
2610,0,7,2
2610,1,7,0
2610,0,8,0
2610,1,8,2
2610,0,9,0
2610,1,9,0
2611,0,1,0
2611,1,1,1
2611,0,2,7
2611,1,2,0
2611,0,3,0
2611,1,3,0
2611,0,4,0
2611,1,4,2
2611,0,5,2
2611,1,5,0
2611,0,6,0
2611,1,6,1
2611,0,7,0
2611,1,7,0
2611,0,8,0
2611,1,8,2
2611,0,9,0
2611,1,9,0
2612,0,1,0
2612,1,1,2
2612,0,2,0
2612,1,2,0
2612,0,3,0
2612,1,3,0
2612,0,4,0
2612,1,4,0
2612,0,5,0
2612,1,5,2
2612,0,6,2
2612,1,6,0
2612,0,7,1
2612,1,7,0
2612,0,8,5
2612,1,8,0
2612,0,9,0
2612,1,9,0
2613,0,1,2
2613,1,1,1
2613,0,2,0
2613,1,2,2
2613,0,3,0
2613,1,3,0
2613,0,4,0
2613,1,4,3
2613,0,5,0
2613,1,5,0
2613,0,6,0
2613,1,6,0
2613,0,7,0
2613,1,7,0
2613,0,8,0
2613,1,8,0
2613,0,9,0
2613,1,9,0
2642,0,1,0
2642,1,1,1
2642,0,2,0
2642,1,2,0
2642,0,3,1
2642,1,3,2
2642,0,4,0
2642,1,4,1
2642,0,5,1
2642,1,5,1
2642,0,6,0
2642,1,6,0
2642,0,7,2
2642,1,7,1
2642,0,8,1
2642,1,8,0
2642,0,9,0
2642,1,9,0
2643,0,1,0
2643,1,1,1
2643,0,2,0
2643,1,2,0
2643,0,3,0
2643,1,3,1
2643,0,4,0
2643,1,4,0
2643,0,5,1
2643,1,5,0
2643,0,6,0
2643,1,6,0
2643,0,7,0
2643,1,7,0
2643,0,8,0
2643,1,8,0
2643,0,9,0
2643,1,9,0
2644,0,1,0
2644,1,1,1
2644,0,2,1
2644,1,2,0
2644,0,3,0
2644,1,3,0
2644,0,4,0
2644,1,4,0
2644,0,5,0
2644,1,5,0
2644,0,6,0
2644,1,6,0
2644,0,7,0
2644,1,7,0
2644,0,8,0
2644,1,8,0
2644,0,9,4
2644,1,9,1
2645,0,1,1
2645,1,1,0
2645,0,2,2
2645,1,2,1
2645,0,3,0
2645,1,3,1
2645,0,4,0
2645,1,4,0
2645,0,5,1
2645,1,5,5
2645,0,6,0
2645,1,6,0
2645,0,7,0
2645,1,7,1
2645,0,8,0
2645,1,8,1
2645,0,9,0
2645,1,9,0
2646,0,1,0
2646,1,1,2
2646,0,2,0
2646,1,2,5
2646,0,3,0
2646,1,3,0
2646,0,4,1
2646,1,4,0
2646,0,5,0
2646,1,5,2
2646,0,6,0
2646,1,6,0
2646,0,7,4
2646,1,7,0
2646,0,8,0
2646,1,8,0
2646,0,9,0
2646,1,9,0
2647,0,1,0
2647,1,1,0
2647,0,2,0
2647,1,2,0
2647,0,3,0
2647,1,3,0
2647,0,4,0
2647,1,4,2
2647,0,5,0
2647,1,5,0
2647,0,6,1
2647,1,6,0
2647,0,7,4
2647,1,7,3
2647,0,8,5
2647,1,8,0
2647,0,9,0
2647,1,9,0
2648,0,1,0
2648,1,1,0
2648,0,2,0
2648,1,2,0
2648,0,3,0
2648,1,3,0
2648,0,4,0
2648,1,4,1
2648,0,5,0
2648,1,5,0
2648,0,6,0
2648,1,6,4
2648,0,7,0
2648,1,7,0
2648,0,8,1
2648,1,8,0
2648,0,9,0
2648,1,9,0
2649,0,1,0
2649,1,1,0
2649,0,2,1
2649,1,2,2
2649,0,3,0
2649,1,3,0
2649,0,4,1
2649,1,4,0
2649,0,5,0
2649,1,5,0
2649,0,6,0
2649,1,6,0
2649,0,7,1
2649,1,7,1
2649,0,8,0
2649,1,8,0
2649,0,9,1
2649,1,9,0
2650,0,1,0
2650,1,1,0
2650,0,2,0
2650,1,2,0
2650,0,3,2
2650,1,3,0
2650,0,4,0
2650,1,4,1
2650,0,5,0
2650,1,5,0
2650,0,6,0
2650,1,6,0
2650,0,7,0
2650,1,7,0
2650,0,8,1
2650,1,8,0
2650,0,9,0
2650,1,9,0
2651,0,1,0
2651,1,1,0
2651,0,2,0
2651,1,2,0
2651,0,3,0
2651,1,3,1
2651,0,4,0
2651,1,4,1
2651,0,5,0
2651,1,5,0
2651,0,6,1
2651,1,6,1
2651,0,7,4
2651,1,7,0
2651,0,8,0
2651,1,8,0
2651,0,9,0
2651,1,9,0
2652,0,1,0
2652,1,1,0
2652,0,2,0
2652,1,2,0
2652,0,3,0
2652,1,3,0
2652,0,4,0
2652,1,4,0
2652,0,5,0
2652,1,5,0
2652,0,6,2
2652,1,6,0
2652,0,7,0
2652,1,7,5
2652,0,8,0
2652,1,8,0
2652,0,9,0
2652,1,9,0
2653,0,1,2
2653,1,1,0
2653,0,2,0
2653,1,2,0
2653,0,3,0
2653,1,3,0
2653,0,4,0
2653,1,4,4
2653,0,5,0
2653,1,5,0
2653,0,6,0
2653,1,6,0
2653,0,7,0
2653,1,7,0
2653,0,8,0
2653,1,8,0
2653,0,9,0
2653,1,9,0
2654,0,1,0
2654,1,1,0
2654,0,2,0
2654,1,2,0
2654,0,3,0
2654,1,3,1
2654,0,4,0
2654,1,4,0
2654,0,5,0
2654,1,5,0
2654,0,6,0
2654,1,6,0
2654,0,7,0
2654,1,7,0
2654,0,8,0
2654,1,8,0
2654,0,9,0
2654,1,9,0
2655,0,1,0
2655,1,1,0
2655,0,2,0
2655,1,2,0
2655,0,3,0
2655,1,3,0
2655,0,4,0
2655,1,4,0
2655,0,5,1
2655,1,5,0
2655,0,6,0
2655,1,6,0
2655,0,7,2
2655,1,7,0
2655,0,8,0
2655,1,8,1
2655,0,9,0
2655,1,9,1
2656,0,1,0
2656,1,1,0
2656,0,2,0
2656,1,2,0
2656,0,3,0
2656,1,3,0
2656,0,4,0
2656,1,4,0
2656,0,5,3
2656,1,5,0
2656,0,6,1
2656,1,6,1
2656,0,7,0
2656,1,7,0
2656,0,8,0
2656,1,8,0
2656,0,9,0
2656,1,9,0
2657,0,1,0
2657,1,1,1
2657,0,2,0
2657,1,2,0
2657,0,3,0
2657,1,3,0
2657,0,4,1
2657,1,4,0
2657,0,5,3
2657,1,5,0
2657,0,6,1
2657,1,6,0
2657,0,7,0
2657,1,7,0
2657,0,8,1
2657,1,8,0
2657,0,9,3
2657,1,9,0
2658,0,1,0
2658,1,1,0
2658,0,2,0
2658,1,2,0
2658,0,3,0
2658,1,3,0
2658,0,4,1
2658,1,4,4
2658,0,5,0
2658,1,5,0
2658,0,6,0
2658,1,6,0
2658,0,7,0
2658,1,7,0
2658,0,8,4
2658,1,8,0
2658,0,9,0
2658,1,9,0
2659,0,1,0
2659,1,1,0
2659,0,2,0
2659,1,2,0
2659,0,3,1
2659,1,3,1
2659,0,4,1
2659,1,4,0
2659,0,5,6
2659,1,5,2
2659,0,6,0
2659,1,6,0
2659,0,7,1
2659,1,7,2
2659,0,8,0
2659,1,8,0
2659,0,9,0
2659,1,9,0
2660,0,1,0
2660,1,1,0
2660,0,2,0
2660,1,2,0
2660,0,3,0
2660,1,3,0
2660,0,4,0
2660,1,4,0
2660,0,5,1
2660,1,5,2
2660,0,6,0
2660,1,6,0
2660,0,7,0
2660,1,7,0
2660,0,8,0
2660,1,8,0
2660,0,9,0
2660,1,9,0
2661,0,1,4
2661,1,1,0
2661,0,2,2
2661,1,2,0
2661,0,3,0
2661,1,3,0
2661,0,4,3
2661,1,4,0
2661,0,5,0
2661,1,5,0
2661,0,6,1
2661,1,6,3
2661,0,7,0
2661,1,7,0
2661,0,8,0
2661,1,8,0
2661,0,9,0
2661,1,9,0
2662,0,1,0
2662,1,1,0
2662,0,2,0
2662,1,2,0
2662,0,3,0
2662,1,3,0
2662,0,4,0
2662,1,4,1
2662,0,5,0
2662,1,5,0
2662,0,6,0
2662,1,6,1
2662,0,7,2
2662,1,7,0
2662,0,8,0
2662,1,8,0
2662,0,9,0
2662,1,9,0
2662,0,10,1
2662,1,10,0
2663,0,1,0
2663,1,1,0
2663,0,2,0
2663,1,2,0
2663,0,3,0
2663,1,3,0
2663,0,4,0
2663,1,4,3
2663,0,5,0
2663,1,5,0
2663,0,6,1
2663,1,6,2
2663,0,7,0
2663,1,7,0
2663,0,8,3
2663,1,8,0
2663,0,9,0
2663,1,9,0
2664,0,1,0
2664,1,1,5
2664,0,2,3
2664,1,2,2
2664,0,3,0
2664,1,3,1
2664,0,4,0
2664,1,4,0
2664,0,5,1
2664,1,5,0
2664,0,6,0
2664,1,6,0
2664,0,7,2
2664,1,7,0
2664,0,8,4
2664,1,8,1
2664,0,9,0
2664,1,9,0
2665,0,1,2
2665,1,1,0
2665,0,2,0
2665,1,2,0
2665,0,3,1
2665,1,3,0
2665,0,4,1
2665,1,4,0
2665,0,5,0
2665,1,5,6
2665,0,6,2
2665,1,6,0
2665,0,7,1
2665,1,7,9
2665,0,8,0
2665,1,8,0
2665,0,9,2
2665,1,9,0
2666,0,1,0
2666,1,1,1
2666,0,2,2
2666,1,2,1
2666,0,3,0
2666,1,3,0
2666,0,4,0
2666,1,4,2
2666,0,5,0
2666,1,5,0
2666,0,6,0
2666,1,6,4
2666,0,7,0
2666,1,7,1
2666,0,8,0
2666,1,8,0
2666,0,9,0
2666,1,9,0
2667,0,1,0
2667,1,1,0
2667,0,2,2
2667,1,2,0
2667,0,3,3
2667,1,3,0
2667,0,4,0
2667,1,4,5
2667,0,5,0
2667,1,5,0
2667,0,6,0
2667,1,6,0
2667,0,7,0
2667,1,7,0
2667,0,8,1
2667,1,8,4
2667,0,9,0
2667,1,9,0
2668,0,1,1
2668,1,1,0
2668,0,2,0
2668,1,2,0
2668,0,3,0
2668,1,3,0
2668,0,4,1
2668,1,4,0
2668,0,5,0
2668,1,5,0
2668,0,6,0
2668,1,6,0
2668,0,7,0
2668,1,7,1
2668,0,8,0
2668,1,8,2
2668,0,9,0
2668,1,9,0
2669,0,1,0
2669,1,1,2
2669,0,2,0
2669,1,2,2
2669,0,3,0
2669,1,3,0
2669,0,4,2
2669,1,4,2
2669,0,5,2
2669,1,5,0
2669,0,6,12
2669,1,6,0
2669,0,7,0
2669,1,7,0
2669,0,8,0
2669,1,8,0
2669,0,9,0
2669,1,9,0
2670,0,1,0
2670,1,1,0
2670,0,2,0
2670,1,2,0
2670,0,3,3
2670,1,3,1
2670,0,4,0
2670,1,4,2
2670,0,5,0
2670,1,5,0
2670,0,6,0
2670,1,6,0
2670,0,7,1
2670,1,7,2
2670,0,8,0
2670,1,8,0
2670,0,9,0
2670,1,9,0
2671,0,1,0
2671,1,1,1
2671,0,2,0
2671,1,2,3
2671,0,3,0
2671,1,3,3
2671,0,4,0
2671,1,4,0
2671,0,5,0
2671,1,5,0
2671,0,6,0
2671,1,6,0
2671,0,7,0
2671,1,7,1
2671,0,8,4
2671,1,8,0
2671,0,9,1
2671,1,9,0
2672,0,1,3
2672,1,1,0
2672,0,2,0
2672,1,2,1
2672,0,3,0
2672,1,3,0
2672,0,4,0
2672,1,4,0
2672,0,5,0
2672,1,5,0
2672,0,6,0
2672,1,6,0
2672,0,7,0
2672,1,7,0
2672,0,8,2
2672,1,8,0
2672,0,9,1
2672,1,9,0
2673,0,1,0
2673,1,1,0
2673,0,2,1
2673,1,2,0
2673,0,3,0
2673,1,3,1
2673,0,4,0
2673,1,4,0
2673,0,5,3
2673,1,5,2
2673,0,6,0
2673,1,6,3
2673,0,7,0
2673,1,7,0
2673,0,8,0
2673,1,8,2
2673,0,9,0
2673,1,9,0
2674,0,1,0
2674,1,1,5
2674,0,2,0
2674,1,2,0
2674,0,3,0
2674,1,3,0
2674,0,4,0
2674,1,4,0
2674,0,5,1
2674,1,5,0
2674,0,6,2
2674,1,6,1
2674,0,7,0
2674,1,7,2
2674,0,8,0
2674,1,8,0
2674,0,9,1
2674,1,9,0
2675,0,1,0
2675,1,1,2
2675,0,2,0
2675,1,2,1
2675,0,3,0
2675,1,3,0
2675,0,4,0
2675,1,4,0
2675,0,5,2
2675,1,5,0
2675,0,6,0
2675,1,6,0
2675,0,7,0
2675,1,7,0
2675,0,8,0
2675,1,8,0
2675,0,9,0
2675,1,9,0
2676,0,1,2
2676,1,1,0
2676,0,2,0
2676,1,2,0
2676,0,3,0
2676,1,3,1
2676,0,4,1
2676,1,4,0
2676,0,5,3
2676,1,5,0
2676,0,6,0
2676,1,6,0
2676,0,7,0
2676,1,7,2
2676,0,8,0
2676,1,8,0
2676,0,9,0
2676,1,9,1
2677,0,1,1
2677,1,1,1
2677,0,2,0
2677,1,2,0
2677,0,3,0
2677,1,3,2
2677,0,4,1
2677,1,4,0
2677,0,5,0
2677,1,5,0
2677,0,6,0
2677,1,6,1
2677,0,7,0
2677,1,7,0
2677,0,8,0
2677,1,8,0
2677,0,9,0
2677,1,9,0
2678,0,1,0
2678,1,1,0
2678,0,2,0
2678,1,2,0
2678,0,3,1
2678,1,3,0
2678,0,4,0
2678,1,4,1
2678,0,5,0
2678,1,5,0
2678,0,6,3
2678,1,6,0
2678,0,7,2
2678,1,7,0
2678,0,8,0
2678,1,8,0
2678,0,9,0
2678,1,9,0
2679,0,1,4
2679,1,1,0
2679,0,2,0
2679,1,2,0
2679,0,3,0
2679,1,3,0
2679,0,4,0
2679,1,4,0
2679,0,5,1
2679,1,5,0
2679,0,6,1
2679,1,6,1
2679,0,7,0
2679,1,7,0
2679,0,8,2
2679,1,8,0
2679,0,9,0
2679,1,9,0
2680,0,1,1
2680,1,1,0
2680,0,2,1
2680,1,2,2
2680,0,3,0
2680,1,3,1
2680,0,4,0
2680,1,4,0
2680,0,5,0
2680,1,5,0
2680,0,6,3
2680,1,6,2
2680,0,7,0
2680,1,7,0
2680,0,8,0
2680,1,8,1
2680,0,9,0
2680,1,9,0
2681,0,1,1
2681,1,1,0
2681,0,2,0
2681,1,2,0
2681,0,3,4
2681,1,3,0
2681,0,4,1
2681,1,4,0
2681,0,5,0
2681,1,5,0
2681,0,6,0
2681,1,6,0
2681,0,7,0
2681,1,7,0
2681,0,8,0
2681,1,8,0
2681,0,9,0
2681,1,9,0
2682,0,1,2
2682,1,1,2
2682,0,2,0
2682,1,2,1
2682,0,3,2
2682,1,3,0
2682,0,4,0
2682,1,4,0
2682,0,5,0
2682,1,5,0
2682,0,6,0
2682,1,6,3
2682,0,7,0
2682,1,7,1
2682,0,8,0
2682,1,8,0
2682,0,9,1
2682,1,9,0
2683,0,1,0
2683,1,1,0
2683,0,2,1
2683,1,2,1
2683,0,3,0
2683,1,3,0
2683,0,4,0
2683,1,4,0
2683,0,5,3
2683,1,5,0
2683,0,6,0
2683,1,6,0
2683,0,7,0
2683,1,7,0
2683,0,8,0
2683,1,8,0
2683,0,9,0
2683,1,9,0
2684,0,1,0
2684,1,1,0
2684,0,2,0
2684,1,2,0
2684,0,3,0
2684,1,3,0
2684,0,4,1
2684,1,4,2
2684,0,5,0
2684,1,5,0
2684,0,6,2
2684,1,6,3
2684,0,7,0
2684,1,7,0
2684,0,8,0
2684,1,8,0
2684,0,9,0
2684,1,9,0
2685,0,1,3
2685,1,1,0
2685,0,2,2
2685,1,2,0
2685,0,3,0
2685,1,3,1
2685,0,4,0
2685,1,4,0
2685,0,5,0
2685,1,5,0
2685,0,6,0
2685,1,6,1
2685,0,7,0
2685,1,7,0
2685,0,8,4
2685,1,8,1
2685,0,9,0
2685,1,9,2
2686,0,1,0
2686,1,1,0
2686,0,2,1
2686,1,2,0
2686,0,3,2
2686,1,3,0
2686,0,4,0
2686,1,4,0
2686,0,5,0
2686,1,5,0
2686,0,6,0
2686,1,6,2
2686,0,7,0
2686,1,7,0
2686,0,8,0
2686,1,8,0
2686,0,9,5
2686,1,9,0
2687,0,1,2
2687,1,1,0
2687,0,2,0
2687,1,2,0
2687,0,3,1
2687,1,3,0
2687,0,4,0
2687,1,4,0
2687,0,5,0
2687,1,5,0
2687,0,6,0
2687,1,6,0
2687,0,7,0
2687,1,7,1
2687,0,8,0
2687,1,8,0
2687,0,9,0
2687,1,9,0
2688,0,1,0
2688,1,1,0
2688,0,2,0
2688,1,2,0
2688,0,3,0
2688,1,3,0
2688,0,4,0
2688,1,4,0
2688,0,5,0
2688,1,5,0
2688,0,6,0
2688,1,6,2
2688,0,7,2
2688,1,7,0
2688,0,8,0
2688,1,8,0
2688,0,9,0
2688,1,9,0
2688,0,10,0
2688,1,10,1
2689,0,1,0
2689,1,1,0
2689,0,2,0
2689,1,2,0
2689,0,3,0
2689,1,3,0
2689,0,4,0
2689,1,4,0
2689,0,5,0
2689,1,5,0
2689,0,6,1
2689,1,6,0
2689,0,7,1
2689,1,7,0
2689,0,8,3
2689,1,8,0
2689,0,9,1
2689,1,9,0
2690,0,1,0
2690,1,1,0
2690,0,2,0
2690,1,2,3
2690,0,3,0
2690,1,3,1
2690,0,4,5
2690,1,4,0
2690,0,5,0
2690,1,5,2
2690,0,6,0
2690,1,6,0
2690,0,7,0
2690,1,7,0
2690,0,8,0
2690,1,8,0
2690,0,9,0
2690,1,9,0
2691,0,1,1
2691,1,1,0
2691,0,2,0
2691,1,2,3
2691,0,3,0
2691,1,3,0
2691,0,4,0
2691,1,4,0
2691,0,5,0
2691,1,5,0
2691,0,6,0
2691,1,6,0
2691,0,7,1
2691,1,7,0
2691,0,8,0
2691,1,8,0
2691,0,9,1
2691,1,9,0
2691,0,10,0
2691,1,10,1
2692,0,1,1
2692,1,1,1
2692,0,2,1
2692,1,2,0
2692,0,3,2
2692,1,3,1
2692,0,4,0
2692,1,4,0
2692,0,5,0
2692,1,5,8
2692,0,6,0
2692,1,6,0
2692,0,7,0
2692,1,7,2
2692,0,8,0
2692,1,8,0
2692,0,9,0
2692,1,9,0
2693,0,1,0
2693,1,1,0
2693,0,2,0
2693,1,2,0
2693,0,3,0
2693,1,3,0
2693,0,4,0
2693,1,4,0
2693,0,5,0
2693,1,5,2
2693,0,6,1
2693,1,6,0
2693,0,7,0
2693,1,7,0
2693,0,8,0
2693,1,8,0
2693,0,9,0
2693,1,9,0
2694,0,1,0
2694,1,1,0
2694,0,2,0
2694,1,2,1
2694,0,3,3
2694,1,3,0
2694,0,4,0
2694,1,4,0
2694,0,5,0
2694,1,5,0
2694,0,6,0
2694,1,6,1
2694,0,7,0
2694,1,7,0
2694,0,8,0
2694,1,8,0
2694,0,9,0
2694,1,9,0
2695,0,1,0
2695,1,1,1
2695,0,2,0
2695,1,2,0
2695,0,3,0
2695,1,3,0
2695,0,4,0
2695,1,4,0
2695,0,5,0
2695,1,5,0
2695,0,6,3
2695,1,6,0
2695,0,7,0
2695,1,7,0
2695,0,8,0
2695,1,8,2
2695,0,9,0
2695,1,9,0
2695,0,10,1
2695,1,10,0
2696,0,1,0
2696,1,1,0
2696,0,2,0
2696,1,2,0
2696,0,3,0
2696,1,3,0
2696,0,4,0
2696,1,4,1
2696,0,5,2
2696,1,5,0
2696,0,6,0
2696,1,6,0
2696,0,7,0
2696,1,7,0
2696,0,8,3
2696,1,8,1
2696,0,9,0
2696,1,9,0
2697,0,1,2
2697,1,1,0
2697,0,2,0
2697,1,2,2
2697,0,3,1
2697,1,3,0
2697,0,4,0
2697,1,4,0
2697,0,5,0
2697,1,5,0
2697,0,6,0
2697,1,6,3
2697,0,7,5
2697,1,7,0
2697,0,8,0
2697,1,8,1
2697,0,9,0
2697,1,9,1
2698,0,1,0
2698,1,1,4
2698,0,2,0
2698,1,2,2
2698,0,3,0
2698,1,3,3
2698,0,4,0
2698,1,4,2
2698,0,5,0
2698,1,5,1
2698,0,6,0
2698,1,6,0
2698,0,7,1
2698,1,7,0
2698,0,8,0
2698,1,8,0
2698,0,9,0
2698,1,9,0
2699,0,1,0
2699,1,1,0
2699,0,2,0
2699,1,2,0
2699,0,3,1
2699,1,3,1
2699,0,4,0
2699,1,4,0
2699,0,5,1
2699,1,5,3
2699,0,6,0
2699,1,6,6
2699,0,7,0
2699,1,7,2
2699,0,8,0
2699,1,8,0
2699,0,9,0
2699,1,9,0
2700,0,1,1
2700,1,1,0
2700,0,2,0
2700,1,2,0
2700,0,3,2
2700,1,3,0
2700,0,4,2
2700,1,4,0
2700,0,5,0
2700,1,5,0
2700,0,6,0
2700,1,6,1
2700,0,7,0
2700,1,7,1
2700,0,8,0
2700,1,8,0
2700,0,9,0
2700,1,9,0
2701,0,1,2
2701,1,1,0
2701,0,2,2
2701,1,2,0
2701,0,3,0
2701,1,3,3
2701,0,4,0
2701,1,4,1
2701,0,5,1
2701,1,5,0
2701,0,6,0
2701,1,6,0
2701,0,7,0
2701,1,7,1
2701,0,8,0
2701,1,8,0
2701,0,9,0
2701,1,9,0
2701,0,10,0
2701,1,10,0
2701,0,11,0
2701,1,11,0
2701,0,12,0
2701,1,12,0
2701,0,13,0
2701,1,13,1
2702,0,1,0
2702,1,1,0
2702,0,2,0
2702,1,2,0
2702,0,3,0
2702,1,3,0
2702,0,4,1
2702,1,4,1
2702,0,5,0
2702,1,5,0
2702,0,6,0
2702,1,6,1
2702,0,7,0
2702,1,7,0
2702,0,8,9
2702,1,8,2
2702,0,9,0
2702,1,9,0
2703,0,1,0
2703,1,1,0
2703,0,2,0
2703,1,2,0
2703,0,3,0
2703,1,3,0
2703,0,4,4
2703,1,4,3
2703,0,5,1
2703,1,5,0
2703,0,6,0
2703,1,6,0
2703,0,7,1
2703,1,7,0
2703,0,8,0
2703,1,8,0
2703,0,9,1
2703,1,9,0
2704,0,1,0
2704,1,1,3
2704,0,2,0
2704,1,2,0
2704,0,3,3
2704,1,3,0
2704,0,4,0
2704,1,4,0
2704,0,5,1
2704,1,5,0
2704,0,6,0
2704,1,6,0
2704,0,7,0
2704,1,7,0
2704,0,8,0
2704,1,8,0
2704,0,9,0
2704,1,9,0
2705,0,1,1
2705,1,1,0
2705,0,2,0
2705,1,2,0
2705,0,3,1
2705,1,3,0
2705,0,4,1
2705,1,4,0
2705,0,5,0
2705,1,5,1
2705,0,6,0
2705,1,6,0
2705,0,7,0
2705,1,7,0
2705,0,8,0
2705,1,8,2
2705,0,9,0
2705,1,9,0
2705,0,10,1
2705,1,10,0
2706,0,1,0
2706,1,1,0
2706,0,2,0
2706,1,2,0
2706,0,3,1
2706,1,3,5
2706,0,4,0
2706,1,4,0
2706,0,5,0
2706,1,5,0
2706,0,6,2
2706,1,6,1
2706,0,7,2
2706,1,7,0
2706,0,8,0
2706,1,8,0
2706,0,9,0
2706,1,9,0
2707,0,1,0
2707,1,1,0
2707,0,2,0
2707,1,2,0
2707,0,3,0
2707,1,3,0
2707,0,4,5
2707,1,4,2
2707,0,5,0
2707,1,5,0
2707,0,6,0
2707,1,6,0
2707,0,7,3
2707,1,7,2
2707,0,8,1
2707,1,8,0
2707,0,9,0
2707,1,9,0
2708,0,1,0
2708,1,1,0
2708,0,2,0
2708,1,2,0
2708,0,3,1
2708,1,3,8
2708,0,4,0
2708,1,4,0
2708,0,5,0
2708,1,5,0
2708,0,6,2
2708,1,6,1
2708,0,7,0
2708,1,7,0
2708,0,8,0
2708,1,8,0
2708,0,9,0
2708,1,9,0
2709,0,1,0
2709,1,1,0
2709,0,2,0
2709,1,2,2
2709,0,3,2
2709,1,3,1
2709,0,4,0
2709,1,4,4
2709,0,5,1
2709,1,5,0
2709,0,6,3
2709,1,6,0
2709,0,7,0
2709,1,7,0
2709,0,8,0
2709,1,8,0
2709,0,9,0
2709,1,9,0
2710,0,1,0
2710,1,1,0
2710,0,2,0
2710,1,2,1
2710,0,3,0
2710,1,3,0
2710,0,4,0
2710,1,4,0
2710,0,5,0
2710,1,5,0
2710,0,6,5
2710,1,6,0
2710,0,7,0
2710,1,7,0
2710,0,8,0
2710,1,8,0
2710,0,9,0
2710,1,9,0
2711,0,1,0
2711,1,1,0
2711,0,2,0
2711,1,2,0
2711,0,3,0
2711,1,3,0
2711,0,4,0
2711,1,4,0
2711,0,5,0
2711,1,5,0
2711,0,6,0
2711,1,6,0
2711,0,7,0
2711,1,7,0
2711,0,8,0
2711,1,8,0
2711,0,9,0
2711,1,9,1
2712,0,1,0
2712,1,1,0
2712,0,2,0
2712,1,2,0
2712,0,3,0
2712,1,3,0
2712,0,4,0
2712,1,4,1
2712,0,5,0
2712,1,5,0
2712,0,6,0
2712,1,6,0
2712,0,7,0
2712,1,7,3
2712,0,8,0
2712,1,8,0
2712,0,9,0
2712,1,9,0
2713,0,1,1
2713,1,1,3
2713,0,2,0
2713,1,2,1
2713,0,3,0
2713,1,3,0
2713,0,4,0
2713,1,4,0
2713,0,5,0
2713,1,5,7
2713,0,6,0
2713,1,6,3
2713,0,7,2
2713,1,7,4
2713,0,8,0
2713,1,8,0
2713,0,9,0
2713,1,9,0
2714,0,1,0
2714,1,1,0
2714,0,2,0
2714,1,2,1
2714,0,3,0
2714,1,3,0
2714,0,4,1
2714,1,4,3
2714,0,5,0
2714,1,5,0
2714,0,6,0
2714,1,6,0
2714,0,7,0
2714,1,7,0
2714,0,8,2
2714,1,8,0
2714,0,9,0
2714,1,9,0
2715,0,1,0
2715,1,1,0
2715,0,2,1
2715,1,2,0
2715,0,3,0
2715,1,3,0
2715,0,4,0
2715,1,4,0
2715,0,5,2
2715,1,5,1
2715,0,6,1
2715,1,6,0
2715,0,7,0
2715,1,7,0
2715,0,8,0
2715,1,8,0
2715,0,9,0
2715,1,9,0
2716,0,1,0
2716,1,1,1
2716,0,2,0
2716,1,2,2
2716,0,3,1
2716,1,3,2
2716,0,4,0
2716,1,4,0
2716,0,5,2
2716,1,5,6
2716,0,6,0
2716,1,6,0
2716,0,7,1
2716,1,7,0
2716,0,8,3
2716,1,8,0
2716,0,9,0
2716,1,9,0
2717,0,1,0
2717,1,1,0
2717,0,2,0
2717,1,2,0
2717,0,3,0
2717,1,3,3
2717,0,4,2
2717,1,4,0
2717,0,5,0
2717,1,5,5
2717,0,6,0
2717,1,6,0
2717,0,7,0
2717,1,7,0
2717,0,8,1
2717,1,8,0
2717,0,9,0
2717,1,9,0
2718,0,1,0
2718,1,1,0
2718,0,2,0
2718,1,2,0
2718,0,3,0
2718,1,3,2
2718,0,4,1
2718,1,4,1
2718,0,5,0
2718,1,5,0
2718,0,6,0
2718,1,6,0
2718,0,7,0
2718,1,7,0
2718,0,8,1
2718,1,8,3
2718,0,9,0
2718,1,9,0
2719,0,1,0
2719,1,1,0
2719,0,2,8
2719,1,2,3
2719,0,3,0
2719,1,3,0
2719,0,4,1
2719,1,4,3
2719,0,5,2
2719,1,5,0
2719,0,6,0
2719,1,6,0
2719,0,7,3
2719,1,7,0
2719,0,8,0
2719,1,8,0
2719,0,9,1
2719,1,9,1
2720,0,1,0
2720,1,1,0
2720,0,2,1
2720,1,2,0
2720,0,3,0
2720,1,3,0
2720,0,4,0
2720,1,4,0
2720,0,5,1
2720,1,5,0
2720,0,6,0
2720,1,6,0
2720,0,7,0
2720,1,7,1
2720,0,8,0
2720,1,8,0
2720,0,9,0
2720,1,9,0
2721,0,1,0
2721,1,1,1
2721,0,2,0
2721,1,2,0
2721,0,3,0
2721,1,3,2
2721,0,4,4
2721,1,4,0
2721,0,5,0
2721,1,5,0
2721,0,6,0
2721,1,6,0
2721,0,7,0
2721,1,7,1
2721,0,8,0
2721,1,8,0
2721,0,9,0
2721,1,9,1
2722,0,1,0
2722,1,1,0
2722,0,2,3
2722,1,2,0
2722,0,3,0
2722,1,3,0
2722,0,4,0
2722,1,4,1
2722,0,5,0
2722,1,5,1
2722,0,6,0
2722,1,6,0
2722,0,7,1
2722,1,7,2
2722,0,8,1
2722,1,8,0
2722,0,9,1
2722,1,9,0
2723,0,1,0
2723,1,1,1
2723,0,2,0
2723,1,2,1
2723,0,3,0
2723,1,3,0
2723,0,4,1
2723,1,4,0
2723,0,5,0
2723,1,5,8
2723,0,6,0
2723,1,6,0
2723,0,7,0
2723,1,7,0
2723,0,8,1
2723,1,8,0
2723,0,9,0
2723,1,9,0
2724,0,1,0
2724,1,1,0
2724,0,2,0
2724,1,2,1
2724,0,3,1
2724,1,3,0
2724,0,4,0
2724,1,4,0
2724,0,5,0
2724,1,5,0
2724,0,6,0
2724,1,6,0
2724,0,7,0
2724,1,7,1
2724,0,8,1
2724,1,8,0
2724,0,9,1
2724,1,9,0
2725,0,1,0
2725,1,1,0
2725,0,2,1
2725,1,2,0
2725,0,3,0
2725,1,3,0
2725,0,4,0
2725,1,4,0
2725,0,5,0
2725,1,5,2
2725,0,6,0
2725,1,6,0
2725,0,7,0
2725,1,7,0
2725,0,8,0
2725,1,8,0
2725,0,9,0
2725,1,9,0
2726,0,1,2
2726,1,1,0
2726,0,2,0
2726,1,2,0
2726,0,3,0
2726,1,3,0
2726,0,4,0
2726,1,4,0
2726,0,5,2
2726,1,5,1
2726,0,6,0
2726,1,6,2
2726,0,7,0
2726,1,7,0
2726,0,8,1
2726,1,8,0
2726,0,9,0
2726,1,9,0
2727,0,1,0
2727,1,1,2
2727,0,2,1
2727,1,2,3
2727,0,3,0
2727,1,3,0
2727,0,4,1
2727,1,4,0
2727,0,5,2
2727,1,5,0
2727,0,6,0
2727,1,6,1
2727,0,7,1
2727,1,7,1
2727,0,8,3
2727,1,8,0
2727,0,9,0
2727,1,9,0
2728,0,1,1
2728,1,1,0
2728,0,2,0
2728,1,2,0
2728,0,3,0
2728,1,3,0
2728,0,4,0
2728,1,4,3
2728,0,5,2
2728,1,5,4
2728,0,6,0
2728,1,6,0
2728,0,7,0
2728,1,7,0
2728,0,8,1
2728,1,8,0
2728,0,9,0
2728,1,9,0
2729,0,1,0
2729,1,1,0
2729,0,2,2
2729,1,2,2
2729,0,3,2
2729,1,3,0
2729,0,4,0
2729,1,4,0
2729,0,5,0
2729,1,5,0
2729,0,6,0
2729,1,6,0
2729,0,7,0
2729,1,7,0
2729,0,8,2
2729,1,8,1
2729,0,9,0
2729,1,9,1
2730,0,1,2
2730,1,1,1
2730,0,2,0
2730,1,2,0
2730,0,3,0
2730,1,3,0
2730,0,4,0
2730,1,4,0
2730,0,5,3
2730,1,5,0
2730,0,6,0
2730,1,6,0
2730,0,7,3
2730,1,7,0
2730,0,8,2
2730,1,8,0
2730,0,9,0
2730,1,9,0
2731,0,1,0
2731,1,1,0
2731,0,2,0
2731,1,2,2
2731,0,3,0
2731,1,3,0
2731,0,4,0
2731,1,4,0
2731,0,5,0
2731,1,5,0
2731,0,6,0
2731,1,6,0
2731,0,7,1
2731,1,7,0
2731,0,8,0
2731,1,8,1
2731,0,9,0
2731,1,9,0
2732,0,1,0
2732,1,1,0
2732,0,2,0
2732,1,2,0
2732,0,3,0
2732,1,3,3
2732,0,4,0
2732,1,4,5
2732,0,5,0
2732,1,5,0
2732,0,6,0
2732,1,6,0
2732,0,7,0
2732,1,7,1
2732,0,8,0
2732,1,8,0
2732,0,9,2
2732,1,9,0
2733,0,1,0
2733,1,1,1
2733,0,2,0
2733,1,2,1
2733,0,3,1
2733,1,3,0
2733,0,4,0
2733,1,4,0
2733,0,5,2
2733,1,5,0
2733,0,6,3
2733,1,6,0
2733,0,7,0
2733,1,7,0
2733,0,8,6
2733,1,8,0
2733,0,9,0
2733,1,9,0
2734,0,1,0
2734,1,1,1
2734,0,2,2
2734,1,2,0
2734,0,3,0
2734,1,3,4
2734,0,4,0
2734,1,4,0
2734,0,5,0
2734,1,5,0
2734,0,6,0
2734,1,6,0
2734,0,7,0
2734,1,7,0
2734,0,8,0
2734,1,8,0
2734,0,9,0
2734,1,9,0
2735,0,1,0
2735,1,1,0
2735,0,2,0
2735,1,2,1
2735,0,3,1
2735,1,3,0
2735,0,4,0
2735,1,4,0
2735,0,5,0
2735,1,5,1
2735,0,6,0
2735,1,6,0
2735,0,7,0
2735,1,7,0
2735,0,8,0
2735,1,8,2
2735,0,9,0
2735,1,9,0
2736,0,1,0
2736,1,1,1
2736,0,2,0
2736,1,2,0
2736,0,3,0
2736,1,3,1
2736,0,4,1
2736,1,4,0
2736,0,5,1
2736,1,5,0
2736,0,6,0
2736,1,6,1
2736,0,7,0
2736,1,7,2
2736,0,8,0
2736,1,8,1
2736,0,9,0
2736,1,9,0
2737,0,1,2
2737,1,1,0
2737,0,2,1
2737,1,2,0
2737,0,3,0
2737,1,3,0
2737,0,4,0
2737,1,4,0
2737,0,5,0
2737,1,5,0
2737,0,6,0
2737,1,6,5
2737,0,7,0
2737,1,7,0
2737,0,8,0
2737,1,8,0
2737,0,9,0
2737,1,9,0
2738,0,1,0
2738,1,1,1
2738,0,2,0
2738,1,2,0
2738,0,3,0
2738,1,3,1
2738,0,4,2
2738,1,4,0
2738,0,5,0
2738,1,5,1
2738,0,6,0
2738,1,6,0
2738,0,7,0
2738,1,7,0
2738,0,8,0
2738,1,8,0
2738,0,9,0
2738,1,9,0
2739,0,1,2
2739,1,1,0
2739,0,2,2
2739,1,2,0
2739,0,3,0
2739,1,3,0
2739,0,4,1
2739,1,4,0
2739,0,5,0
2739,1,5,0
2739,0,6,0
2739,1,6,1
2739,0,7,0
2739,1,7,0
2739,0,8,0
2739,1,8,1
2739,0,9,0
2739,1,9,0
2740,0,1,0
2740,1,1,0
2740,0,2,0
2740,1,2,0
2740,0,3,1
2740,1,3,0
2740,0,4,0
2740,1,4,0
2740,0,5,0
2740,1,5,0
2740,0,6,0
2740,1,6,0
2740,0,7,0
2740,1,7,0
2740,0,8,7
2740,1,8,2
2740,0,9,0
2740,1,9,0
2741,0,1,1
2741,1,1,4
2741,0,2,0
2741,1,2,0
2741,0,3,0
2741,1,3,0
2741,0,4,0
2741,1,4,0
2741,0,5,0
2741,1,5,3
2741,0,6,0
2741,1,6,0
2741,0,7,0
2741,1,7,0
2741,0,8,0
2741,1,8,0
2741,0,9,0
2741,1,9,0
2742,0,1,0
2742,1,1,0
2742,0,2,0
2742,1,2,0
2742,0,3,0
2742,1,3,0
2742,0,4,2
2742,1,4,0
2742,0,5,2
2742,1,5,0
2742,0,6,8
2742,1,6,2
2742,0,7,1
2742,1,7,0
2742,0,8,7
2742,1,8,0
2742,0,9,1
2742,1,9,0
2743,0,1,0
2743,1,1,1
2743,0,2,1
2743,1,2,0
2743,0,3,1
2743,1,3,0
2743,0,4,0
2743,1,4,1
2743,0,5,0
2743,1,5,0
2743,0,6,0
2743,1,6,0
2743,0,7,3
2743,1,7,0
2743,0,8,0
2743,1,8,0
2743,0,9,0
2743,1,9,0
2744,0,1,2
2744,1,1,0
2744,0,2,0
2744,1,2,0
2744,0,3,1
2744,1,3,0
2744,0,4,0
2744,1,4,2
2744,0,5,0
2744,1,5,0
2744,0,6,1
2744,1,6,1
2744,0,7,1
2744,1,7,0
2744,0,8,1
2744,1,8,0
2744,0,9,1
2744,1,9,1
2745,0,1,2
2745,1,1,0
2745,0,2,1
2745,1,2,0
2745,0,3,0
2745,1,3,0
2745,0,4,0
2745,1,4,2
2745,0,5,2
2745,1,5,0
2745,0,6,0
2745,1,6,1
2745,0,7,0
2745,1,7,0
2745,0,8,0
2745,1,8,0
2745,0,9,0
2745,1,9,0
2746,0,1,2
2746,1,1,0
2746,0,2,1
2746,1,2,0
2746,0,3,1
2746,1,3,1
2746,0,4,0
2746,1,4,0
2746,0,5,0
2746,1,5,0
2746,0,6,0
2746,1,6,2
2746,0,7,0
2746,1,7,0
2746,0,8,0
2746,1,8,0
2746,0,9,0
2746,1,9,0
2747,0,1,0
2747,1,1,0
2747,0,2,0
2747,1,2,1
2747,0,3,5
2747,1,3,2
2747,0,4,0
2747,1,4,0
2747,0,5,0
2747,1,5,0
2747,0,6,0
2747,1,6,0
2747,0,7,3
2747,1,7,3
2747,0,8,0
2747,1,8,3
2747,0,9,0
2747,1,9,0
2748,0,1,0
2748,1,1,2
2748,0,2,0
2748,1,2,0
2748,0,3,0
2748,1,3,0
2748,0,4,1
2748,1,4,0
2748,0,5,0
2748,1,5,0
2748,0,6,3
2748,1,6,5
2748,0,7,0
2748,1,7,0
2748,0,8,0
2748,1,8,1
2748,0,9,0
2748,1,9,0
2749,0,1,0
2749,1,1,0
2749,0,2,3
2749,1,2,0
2749,0,3,0
2749,1,3,0
2749,0,4,1
2749,1,4,1
2749,0,5,0
2749,1,5,0
2749,0,6,7
2749,1,6,0
2749,0,7,9
2749,1,7,0
2749,0,8,0
2749,1,8,0
2749,0,9,2
2749,1,9,4
2750,0,1,0
2750,1,1,0
2750,0,2,0
2750,1,2,0
2750,0,3,0
2750,1,3,0
2750,0,4,0
2750,1,4,0
2750,0,5,1
2750,1,5,0
2750,0,6,1
2750,1,6,2
2750,0,7,0
2750,1,7,3
2750,0,8,1
2750,1,8,0
2750,0,9,0
2750,1,9,0
2751,0,1,0
2751,1,1,2
2751,0,2,0
2751,1,2,0
2751,0,3,1
2751,1,3,0
2751,0,4,2
2751,1,4,0
2751,0,5,1
2751,1,5,0
2751,0,6,0
2751,1,6,0
2751,0,7,0
2751,1,7,0
2751,0,8,1
2751,1,8,0
2751,0,9,1
2751,1,9,0
2752,0,1,0
2752,1,1,0
2752,0,2,0
2752,1,2,1
2752,0,3,1
2752,1,3,1
2752,0,4,1
2752,1,4,0
2752,0,5,0
2752,1,5,0
2752,0,6,2
2752,1,6,0
2752,0,7,1
2752,1,7,0
2752,0,8,0
2752,1,8,0
2752,0,9,0
2752,1,9,1
2753,0,1,0
2753,1,1,0
2753,0,2,0
2753,1,2,0
2753,0,3,2
2753,1,3,0
2753,0,4,1
2753,1,4,0
2753,0,5,6
2753,1,5,0
2753,0,6,0
2753,1,6,0
2753,0,7,0
2753,1,7,0
2753,0,8,2
2753,1,8,0
2753,0,9,0
2753,1,9,0
2754,0,1,3
2754,1,1,0
2754,0,2,0
2754,1,2,0
2754,0,3,0
2754,1,3,0
2754,0,4,0
2754,1,4,0
2754,0,5,0
2754,1,5,1
2754,0,6,1
2754,1,6,0
2754,0,7,0
2754,1,7,1
2754,0,8,0
2754,1,8,0
2754,0,9,2
2754,1,9,0
2755,0,1,0
2755,1,1,0
2755,0,2,2
2755,1,2,0
2755,0,3,0
2755,1,3,2
2755,0,4,0
2755,1,4,1
2755,0,5,0
2755,1,5,2
2755,0,6,1
2755,1,6,1
2755,0,7,0
2755,1,7,0
2755,0,8,6
2755,1,8,0
2755,0,9,0
2755,1,9,0
2756,0,1,2
2756,1,1,0
2756,0,2,0
2756,1,2,0
2756,0,3,1
2756,1,3,0
2756,0,4,2
2756,1,4,1
2756,0,5,2
2756,1,5,0
2756,0,6,0
2756,1,6,2
2756,0,7,0
2756,1,7,0
2756,0,8,0
2756,1,8,0
2756,0,9,0
2756,1,9,0
2757,0,1,0
2757,1,1,0
2757,0,2,0
2757,1,2,2
2757,0,3,2
2757,1,3,0
2757,0,4,2
2757,1,4,0
2757,0,5,2
2757,1,5,0
2757,0,6,0
2757,1,6,0
2757,0,7,0
2757,1,7,0
2757,0,8,0
2757,1,8,0
2757,0,9,0
2757,1,9,0
2758,0,1,0
2758,1,1,2
2758,0,2,0
2758,1,2,2
2758,0,3,0
2758,1,3,2
2758,0,4,1
2758,1,4,4
2758,0,5,3
2758,1,5,0
2758,0,6,0
2758,1,6,0
2758,0,7,0
2758,1,7,0
2758,0,8,3
2758,1,8,0
2758,0,9,0
2758,1,9,0
2759,0,1,0
2759,1,1,1
2759,0,2,0
2759,1,2,4
2759,0,3,2
2759,1,3,0
2759,0,4,1
2759,1,4,0
2759,0,5,0
2759,1,5,0
2759,0,6,0
2759,1,6,2
2759,0,7,0
2759,1,7,0
2759,0,8,0
2759,1,8,4
2759,0,9,0
2759,1,9,0
2760,0,1,0
2760,1,1,0
2760,0,2,0
2760,1,2,0
2760,0,3,0
2760,1,3,0
2760,0,4,0
2760,1,4,0
2760,0,5,0
2760,1,5,0
2760,0,6,0
2760,1,6,0
2760,0,7,0
2760,1,7,2
2760,0,8,2
2760,1,8,0
2760,0,9,0
2760,1,9,0
2760,0,10,0
2760,1,10,0
2760,0,11,2
2760,1,11,0
2761,0,1,0
2761,1,1,0
2761,0,2,0
2761,1,2,0
2761,0,3,1
2761,1,3,3
2761,0,4,2
2761,1,4,0
2761,0,5,0
2761,1,5,0
2761,0,6,0
2761,1,6,0
2761,0,7,0
2761,1,7,0
2761,0,8,1
2761,1,8,0
2761,0,9,3
2761,1,9,1
2762,0,1,0
2762,1,1,0
2762,0,2,0
2762,1,2,0
2762,0,3,0
2762,1,3,1
2762,0,4,0
2762,1,4,0
2762,0,5,0
2762,1,5,0
2762,0,6,1
2762,1,6,1
2762,0,7,1
2762,1,7,3
2762,0,8,0
2762,1,8,0
2762,0,9,0
2762,1,9,0
2763,0,1,0
2763,1,1,0
2763,0,2,3
2763,1,2,1
2763,0,3,0
2763,1,3,0
2763,0,4,2
2763,1,4,0
2763,0,5,0
2763,1,5,0
2763,0,6,0
2763,1,6,0
2763,0,7,0
2763,1,7,0
2763,0,8,0
2763,1,8,0
2763,0,9,0
2763,1,9,2
2764,0,1,0
2764,1,1,1
2764,0,2,0
2764,1,2,0
2764,0,3,0
2764,1,3,1
2764,0,4,0
2764,1,4,2
2764,0,5,4
2764,1,5,0
2764,0,6,1
2764,1,6,0
2764,0,7,0
2764,1,7,0
2764,0,8,0
2764,1,8,0
2764,0,9,0
2764,1,9,0
2765,0,1,0
2765,1,1,0
2765,0,2,2
2765,1,2,0
2765,0,3,0
2765,1,3,0
2765,0,4,0
2765,1,4,1
2765,0,5,0
2765,1,5,0
2765,0,6,2
2765,1,6,0
2765,0,7,1
2765,1,7,0
2765,0,8,1
2765,1,8,0
2765,0,9,1
2765,1,9,0
2766,0,1,1
2766,1,1,0
2766,0,2,0
2766,1,2,0
2766,0,3,0
2766,1,3,0
2766,0,4,3
2766,1,4,1
2766,0,5,0
2766,1,5,1
2766,0,6,0
2766,1,6,2
2766,0,7,0
2766,1,7,0
2766,0,8,1
2766,1,8,2
2766,0,9,0
2766,1,9,0
2767,0,1,0
2767,1,1,0
2767,0,2,0
2767,1,2,0
2767,0,3,0
2767,1,3,0
2767,0,4,0
2767,1,4,1
2767,0,5,0
2767,1,5,0
2767,0,6,0
2767,1,6,0
2767,0,7,0
2767,1,7,1
2767,0,8,0
2767,1,8,0
2767,0,9,0
2767,1,9,0
2768,0,1,0
2768,1,1,0
2768,0,2,0
2768,1,2,1
2768,0,3,0
2768,1,3,0
2768,0,4,2
2768,1,4,1
2768,0,5,0
2768,1,5,0
2768,0,6,0
2768,1,6,0
2768,0,7,0
2768,1,7,0
2768,0,8,0
2768,1,8,1
2768,0,9,0
2768,1,9,0
2769,0,1,0
2769,1,1,1
2769,0,2,0
2769,1,2,0
2769,0,3,0
2769,1,3,0
2769,0,4,0
2769,1,4,0
2769,0,5,0
2769,1,5,0
2769,0,6,0
2769,1,6,0
2769,0,7,0
2769,1,7,0
2769,0,8,0
2769,1,8,0
2769,0,9,4
2769,1,9,0
2770,0,1,0
2770,1,1,3
2770,0,2,1
2770,1,2,0
2770,0,3,0
2770,1,3,1
2770,0,4,0
2770,1,4,0
2770,0,5,0
2770,1,5,2
2770,0,6,0
2770,1,6,1
2770,0,7,1
2770,1,7,0
2770,0,8,1
2770,1,8,2
2770,0,9,0
2770,1,9,0
2771,0,1,3
2771,1,1,2
2771,0,2,0
2771,1,2,0
2771,0,3,0
2771,1,3,3
2771,0,4,0
2771,1,4,0
2771,0,5,0
2771,1,5,0
2771,0,6,0
2771,1,6,0
2771,0,7,0
2771,1,7,0
2771,0,8,0
2771,1,8,0
2771,0,9,0
2771,1,9,0
2772,0,1,0
2772,1,1,0
2772,0,2,1
2772,1,2,0
2772,0,3,0
2772,1,3,0
2772,0,4,0
2772,1,4,0
2772,0,5,0
2772,1,5,0
2772,0,6,0
2772,1,6,0
2772,0,7,0
2772,1,7,0
2772,0,8,0
2772,1,8,0
2772,0,9,0
2772,1,9,1
2772,0,10,0
2772,1,10,1
2773,0,1,0
2773,1,1,1
2773,0,2,0
2773,1,2,0
2773,0,3,0
2773,1,3,0
2773,0,4,0
2773,1,4,0
2773,0,5,0
2773,1,5,3
2773,0,6,0
2773,1,6,0
2773,0,7,0
2773,1,7,0
2773,0,8,0
2773,1,8,2
2773,0,9,0
2773,1,9,0
2774,0,1,0
2774,1,1,0
2774,0,2,0
2774,1,2,0
2774,0,3,0
2774,1,3,1
2774,0,4,0
2774,1,4,0
2774,0,5,0
2774,1,5,0
2774,0,6,0
2774,1,6,0
2774,0,7,0
2774,1,7,0
2774,0,8,0
2774,1,8,0
2774,0,9,0
2774,1,9,0
2775,0,1,0
2775,1,1,2
2775,0,2,2
2775,1,2,0
2775,0,3,3
2775,1,3,0
2775,0,4,0
2775,1,4,0
2775,0,5,4
2775,1,5,0
2775,0,6,0
2775,1,6,0
2775,0,7,0
2775,1,7,0
2775,0,8,0
2775,1,8,4
2775,0,9,0
2775,1,9,0
2776,0,1,0
2776,1,1,0
2776,0,2,0
2776,1,2,0
2776,0,3,0
2776,1,3,0
2776,0,4,0
2776,1,4,0
2776,0,5,0
2776,1,5,1
2776,0,6,0
2776,1,6,0
2776,0,7,0
2776,1,7,3
2776,0,8,0
2776,1,8,0
2776,0,9,0
2776,1,9,0
2777,0,1,2
2777,1,1,1
2777,0,2,0
2777,1,2,0
2777,0,3,0
2777,1,3,0
2777,0,4,2
2777,1,4,0
2777,0,5,0
2777,1,5,0
2777,0,6,0
2777,1,6,0
2777,0,7,0
2777,1,7,0
2777,0,8,0
2777,1,8,0
2777,0,9,1
2777,1,9,0
2778,0,1,0
2778,1,1,0
2778,0,2,2
2778,1,2,0
2778,0,3,0
2778,1,3,0
2778,0,4,0
2778,1,4,0
2778,0,5,0
2778,1,5,0
2778,0,6,6
2778,1,6,2
2778,0,7,0
2778,1,7,0
2778,0,8,0
2778,1,8,0
2778,0,9,0
2778,1,9,0
2779,0,1,0
2779,1,1,0
2779,0,2,1
2779,1,2,0
2779,0,3,0
2779,1,3,0
2779,0,4,0
2779,1,4,1
2779,0,5,0
2779,1,5,0
2779,0,6,0
2779,1,6,0
2779,0,7,0
2779,1,7,0
2779,0,8,1
2779,1,8,2
2779,0,9,1
2779,1,9,0
2779,0,10,1
2779,1,10,0
2780,0,1,0
2780,1,1,0
2780,0,2,0
2780,1,2,1
2780,0,3,3
2780,1,3,1
2780,0,4,0
2780,1,4,0
2780,0,5,0
2780,1,5,0
2780,0,6,0
2780,1,6,0
2780,0,7,0
2780,1,7,0
2780,0,8,0
2780,1,8,3
2780,0,9,2
2780,1,9,0
2780,0,10,0
2780,1,10,1
2781,0,1,0
2781,1,1,0
2781,0,2,0
2781,1,2,1
2781,0,3,0
2781,1,3,0
2781,0,4,0
2781,1,4,0
2781,0,5,0
2781,1,5,0
2781,0,6,0
2781,1,6,0
2781,0,7,0
2781,1,7,0
2781,0,8,0
2781,1,8,1
2781,0,9,0
2781,1,9,0
2782,0,1,0
2782,1,1,0
2782,0,2,0
2782,1,2,0
2782,0,3,0
2782,1,3,0
2782,0,4,0
2782,1,4,0
2782,0,5,0
2782,1,5,1
2782,0,6,0
2782,1,6,0
2782,0,7,2
2782,1,7,0
2782,0,8,0
2782,1,8,1
2782,0,9,0
2782,1,9,0
2782,0,10,0
2782,1,10,0
2782,0,11,0
2782,1,11,0
2782,0,12,2
2782,1,12,0
2783,0,1,0
2783,1,1,3
2783,0,2,0
2783,1,2,0
2783,0,3,4
2783,1,3,2
2783,0,4,2
2783,1,4,3
2783,0,5,0
2783,1,5,0
2783,0,6,2
2783,1,6,0
2783,0,7,0
2783,1,7,0
2783,0,8,0
2783,1,8,4
2783,0,9,0
2783,1,9,0
2784,0,1,0
2784,1,1,0
2784,0,2,0
2784,1,2,0
2784,0,3,3
2784,1,3,0
2784,0,4,0
2784,1,4,0
2784,0,5,1
2784,1,5,0
2784,0,6,0
2784,1,6,2
2784,0,7,1
2784,1,7,1
2784,0,8,1
2784,1,8,0
2784,0,9,0
2784,1,9,1
2785,0,1,0
2785,1,1,0
2785,0,2,0
2785,1,2,0
2785,0,3,0
2785,1,3,0
2785,0,4,0
2785,1,4,0
2785,0,5,2
2785,1,5,0
2785,0,6,0
2785,1,6,0
2785,0,7,0
2785,1,7,0
2785,0,8,0
2785,1,8,0
2785,0,9,1
2785,1,9,0
2786,0,1,0
2786,1,1,0
2786,0,2,0
2786,1,2,0
2786,0,3,2
2786,1,3,0
2786,0,4,0
2786,1,4,0
2786,0,5,0
2786,1,5,1
2786,0,6,0
2786,1,6,0
2786,0,7,0
2786,1,7,0
2786,0,8,0
2786,1,8,0
2786,0,9,0
2786,1,9,0
2787,0,1,0
2787,1,1,0
2787,0,2,0
2787,1,2,0
2787,0,3,1
2787,1,3,0
2787,0,4,3
2787,1,4,0
2787,0,5,0
2787,1,5,0
2787,0,6,0
2787,1,6,0
2787,0,7,1
2787,1,7,0
2787,0,8,0
2787,1,8,0
2787,0,9,0
2787,1,9,1
2788,0,1,1
2788,1,1,2
2788,0,2,1
2788,1,2,0
2788,0,3,0
2788,1,3,0
2788,0,4,1
2788,1,4,0
2788,0,5,0
2788,1,5,1
2788,0,6,0
2788,1,6,1
2788,0,7,0
2788,1,7,0
2788,0,8,1
2788,1,8,3
2788,0,9,7
2788,1,9,0
2789,0,1,0
2789,1,1,0
2789,0,2,0
2789,1,2,0
2789,0,3,0
2789,1,3,0
2789,0,4,0
2789,1,4,0
2789,0,5,0
2789,1,5,0
2789,0,6,0
2789,1,6,0
2789,0,7,0
2789,1,7,0
2789,0,8,0
2789,1,8,0
2789,0,9,0
2789,1,9,0
2789,0,10,0
2789,1,10,1
2790,0,1,1
2790,1,1,0
2790,0,2,0
2790,1,2,0
2790,0,3,0
2790,1,3,0
2790,0,4,0
2790,1,4,0
2790,0,5,0
2790,1,5,0
2790,0,6,0
2790,1,6,0
2790,0,7,0
2790,1,7,1
2790,0,8,4
2790,1,8,0
2790,0,9,0
2790,1,9,0
2791,0,1,0
2791,1,1,0
2791,0,2,0
2791,1,2,0
2791,0,3,0
2791,1,3,0
2791,0,4,0
2791,1,4,0
2791,0,5,1
2791,1,5,0
2791,0,6,0
2791,1,6,6
2791,0,7,0
2791,1,7,0
2791,0,8,0
2791,1,8,0
2791,0,9,0
2791,1,9,0
2792,0,1,0
2792,1,1,0
2792,0,2,0
2792,1,2,2
2792,0,3,0
2792,1,3,1
2792,0,4,0
2792,1,4,3
2792,0,5,0
2792,1,5,1
2792,0,6,1
2792,1,6,1
2792,0,7,0
2792,1,7,2
2792,0,8,2
2792,1,8,0
2792,0,9,0
2792,1,9,0
2793,0,1,1
2793,1,1,0
2793,0,2,0
2793,1,2,0
2793,0,3,0
2793,1,3,0
2793,0,4,0
2793,1,4,0
2793,0,5,5
2793,1,5,0
2793,0,6,0
2793,1,6,1
2793,0,7,0
2793,1,7,0
2793,0,8,0
2793,1,8,4
2793,0,9,0
2793,1,9,2
2794,0,1,0
2794,1,1,0
2794,0,2,0
2794,1,2,1
2794,0,3,0
2794,1,3,0
2794,0,4,0
2794,1,4,0
2794,0,5,0
2794,1,5,0
2794,0,6,1
2794,1,6,2
2794,0,7,0
2794,1,7,0
2794,0,8,5
2794,1,8,0
2794,0,9,0
2794,1,9,3
2794,0,10,7
2794,1,10,0
2795,0,1,1
2795,1,1,0
2795,0,2,0
2795,1,2,0
2795,0,3,0
2795,1,3,0
2795,0,4,2
2795,1,4,0
2795,0,5,0
2795,1,5,0
2795,0,6,0
2795,1,6,0
2795,0,7,0
2795,1,7,1
2795,0,8,0
2795,1,8,0
2795,0,9,0
2795,1,9,0
2796,0,1,1
2796,1,1,0
2796,0,2,1
2796,1,2,0
2796,0,3,0
2796,1,3,1
2796,0,4,0
2796,1,4,2
2796,0,5,1
2796,1,5,1
2796,0,6,3
2796,1,6,0
2796,0,7,0
2796,1,7,0
2796,0,8,0
2796,1,8,0
2796,0,9,0
2796,1,9,0
2797,0,1,0
2797,1,1,0
2797,0,2,0
2797,1,2,0
2797,0,3,0
2797,1,3,0
2797,0,4,0
2797,1,4,0
2797,0,5,1
2797,1,5,0
2797,0,6,0
2797,1,6,0
2797,0,7,0
2797,1,7,0
2797,0,8,0
2797,1,8,1
2797,0,9,2
2797,1,9,0
2798,0,1,2
2798,1,1,0
2798,0,2,0
2798,1,2,2
2798,0,3,4
2798,1,3,0
2798,0,4,0
2798,1,4,0
2798,0,5,0
2798,1,5,0
2798,0,6,6
2798,1,6,0
2798,0,7,5
2798,1,7,0
2798,0,8,1
2798,1,8,0
2798,0,9,0
2798,1,9,0
2799,0,1,0
2799,1,1,0
2799,0,2,2
2799,1,2,0
2799,0,3,2
2799,1,3,0
2799,0,4,0
2799,1,4,0
2799,0,5,1
2799,1,5,0
2799,0,6,2
2799,1,6,0
2799,0,7,6
2799,1,7,4
2799,0,8,0
2799,1,8,0
2799,0,9,0
2799,1,9,3
2800,0,1,0
2800,1,1,0
2800,0,2,0
2800,1,2,0
2800,0,3,1
2800,1,3,1
2800,0,4,0
2800,1,4,0
2800,0,5,1
2800,1,5,2
2800,0,6,0
2800,1,6,0
2800,0,7,0
2800,1,7,6
2800,0,8,0
2800,1,8,1
2800,0,9,0
2800,1,9,0
2801,0,1,0
2801,1,1,0
2801,0,2,1
2801,1,2,0
2801,0,3,0
2801,1,3,1
2801,0,4,2
2801,1,4,0
2801,0,5,0
2801,1,5,0
2801,0,6,2
2801,1,6,0
2801,0,7,0
2801,1,7,0
2801,0,8,0
2801,1,8,0
2801,0,9,0
2801,1,9,0
2802,0,1,0
2802,1,1,0
2802,0,2,0
2802,1,2,0
2802,0,3,0
2802,1,3,1
2802,0,4,0
2802,1,4,0
2802,0,5,0
2802,1,5,0
2802,0,6,1
2802,1,6,0
2802,0,7,0
2802,1,7,0
2802,0,8,0
2802,1,8,2
2802,0,9,0
2802,1,9,0
2803,0,1,2
2803,1,1,0
2803,0,2,3
2803,1,2,0
2803,0,3,0
2803,1,3,0
2803,0,4,2
2803,1,4,0
2803,0,5,1
2803,1,5,0
2803,0,6,0
2803,1,6,0
2803,0,7,0
2803,1,7,0
2803,0,8,0
2803,1,8,0
2803,0,9,0
2803,1,9,0
2804,0,1,0
2804,1,1,0
2804,0,2,0
2804,1,2,0
2804,0,3,0
2804,1,3,3
2804,0,4,0
2804,1,4,4
2804,0,5,0
2804,1,5,0
2804,0,6,0
2804,1,6,0
2804,0,7,0
2804,1,7,0
2804,0,8,0
2804,1,8,0
2804,0,9,0
2804,1,9,0
2805,0,1,0
2805,1,1,1
2805,0,2,0
2805,1,2,0
2805,0,3,1
2805,1,3,0
2805,0,4,0
2805,1,4,0
2805,0,5,0
2805,1,5,3
2805,0,6,0
2805,1,6,0
2805,0,7,0
2805,1,7,0
2805,0,8,0
2805,1,8,0
2805,0,9,0
2805,1,9,0
2806,0,1,0
2806,1,1,0
2806,0,2,0
2806,1,2,2
2806,0,3,1
2806,1,3,0
2806,0,4,0
2806,1,4,0
2806,0,5,0
2806,1,5,0
2806,0,6,0
2806,1,6,0
2806,0,7,0
2806,1,7,8
2806,0,8,1
2806,1,8,3
2806,0,9,0
2806,1,9,0
2807,0,1,0
2807,1,1,0
2807,0,2,0
2807,1,2,0
2807,0,3,1
2807,1,3,0
2807,0,4,0
2807,1,4,0
2807,0,5,0
2807,1,5,0
2807,0,6,0
2807,1,6,1
2807,0,7,0
2807,1,7,0
2807,0,8,1
2807,1,8,2
2807,0,9,0
2807,1,9,0
2808,0,1,2
2808,1,1,1
2808,0,2,0
2808,1,2,0
2808,0,3,0
2808,1,3,2
2808,0,4,0
2808,1,4,6
2808,0,5,0
2808,1,5,0
2808,0,6,0
2808,1,6,1
2808,0,7,0
2808,1,7,0
2808,0,8,0
2808,1,8,0
2808,0,9,0
2808,1,9,0
2809,0,1,0
2809,1,1,0
2809,0,2,0
2809,1,2,0
2809,0,3,2
2809,1,3,0
2809,0,4,0
2809,1,4,0
2809,0,5,0
2809,1,5,1
2809,0,6,0
2809,1,6,0
2809,0,7,2
2809,1,7,0
2809,0,8,0
2809,1,8,2
2809,0,9,0
2809,1,9,0
2810,0,1,0
2810,1,1,0
2810,0,2,0
2810,1,2,0
2810,0,3,0
2810,1,3,0
2810,0,4,2
2810,1,4,1
2810,0,5,0
2810,1,5,0
2810,0,6,0
2810,1,6,0
2810,0,7,0
2810,1,7,0
2810,0,8,1
2810,1,8,0
2810,0,9,1
2810,1,9,1
2811,0,1,0
2811,1,1,1
2811,0,2,0
2811,1,2,0
2811,0,3,0
2811,1,3,0
2811,0,4,0
2811,1,4,0
2811,0,5,0
2811,1,5,1
2811,0,6,2
2811,1,6,2
2811,0,7,0
2811,1,7,2
2811,0,8,1
2811,1,8,3
2811,0,9,0
2811,1,9,0
2812,0,1,0
2812,1,1,0
2812,0,2,0
2812,1,2,0
2812,0,3,0
2812,1,3,0
2812,0,4,4
2812,1,4,1
2812,0,5,5
2812,1,5,0
2812,0,6,0
2812,1,6,0
2812,0,7,0
2812,1,7,1
2812,0,8,0
2812,1,8,0
2812,0,9,0
2812,1,9,1
2813,0,1,3
2813,1,1,0
2813,0,2,0
2813,1,2,0
2813,0,3,0
2813,1,3,2
2813,0,4,1
2813,1,4,0
2813,0,5,2
2813,1,5,0
2813,0,6,0
2813,1,6,0
2813,0,7,1
2813,1,7,3
2813,0,8,1
2813,1,8,0
2813,0,9,1
2813,1,9,0
2814,0,1,0
2814,1,1,0
2814,0,2,0
2814,1,2,0
2814,0,3,0
2814,1,3,0
2814,0,4,0
2814,1,4,0
2814,0,5,0
2814,1,5,0
2814,0,6,0
2814,1,6,0
2814,0,7,0
2814,1,7,0
2814,0,8,0
2814,1,8,1
2814,0,9,0
2814,1,9,0
2815,0,1,0
2815,1,1,2
2815,0,2,6
2815,1,2,0
2815,0,3,0
2815,1,3,2
2815,0,4,0
2815,1,4,0
2815,0,5,0
2815,1,5,1
2815,0,6,0
2815,1,6,0
2815,0,7,0
2815,1,7,2
2815,0,8,2
2815,1,8,2
2815,0,9,1
2815,1,9,0
2815,0,10,1
2815,1,10,0
2816,0,1,5
2816,1,1,1
2816,0,2,1
2816,1,2,1
2816,0,3,0
2816,1,3,0
2816,0,4,1
2816,1,4,1
2816,0,5,0
2816,1,5,0
2816,0,6,2
2816,1,6,0
2816,0,7,2
2816,1,7,1
2816,0,8,0
2816,1,8,0
2816,0,9,0
2816,1,9,0
2817,0,1,3
2817,1,1,1
2817,0,2,0
2817,1,2,1
2817,0,3,0
2817,1,3,1
2817,0,4,1
2817,1,4,1
2817,0,5,2
2817,1,5,0
2817,0,6,0
2817,1,6,1
2817,0,7,0
2817,1,7,0
2817,0,8,0
2817,1,8,0
2817,0,9,2
2817,1,9,2
2818,0,1,0
2818,1,1,2
2818,0,2,0
2818,1,2,0
2818,0,3,0
2818,1,3,0
2818,0,4,0
2818,1,4,2
2818,0,5,0
2818,1,5,0
2818,0,6,0
2818,1,6,0
2818,0,7,0
2818,1,7,0
2818,0,8,0
2818,1,8,2
2818,0,9,2
2818,1,9,0
2819,0,1,0
2819,1,1,0
2819,0,2,0
2819,1,2,2
2819,0,3,0
2819,1,3,0
2819,0,4,0
2819,1,4,0
2819,0,5,0
2819,1,5,0
2819,0,6,0
2819,1,6,0
2819,0,7,0
2819,1,7,1
2819,0,8,0
2819,1,8,1
2819,0,9,0
2819,1,9,0
2820,0,1,0
2820,1,1,0
2820,0,2,0
2820,1,2,0
2820,0,3,0
2820,1,3,0
2820,0,4,2
2820,1,4,0
2820,0,5,0
2820,1,5,0
2820,0,6,0
2820,1,6,0
2820,0,7,1
2820,1,7,2
2820,0,8,0
2820,1,8,0
2820,0,9,1
2820,1,9,0
2821,0,1,2
2821,1,1,0
2821,0,2,0
2821,1,2,1
2821,0,3,2
2821,1,3,3
2821,0,4,0
2821,1,4,1
2821,0,5,2
2821,1,5,0
2821,0,6,1
2821,1,6,1
2821,0,7,0
2821,1,7,0
2821,0,8,0
2821,1,8,0
2821,0,9,0
2821,1,9,0
2822,0,1,2
2822,1,1,2
2822,0,2,0
2822,1,2,0
2822,0,3,1
2822,1,3,1
2822,0,4,0
2822,1,4,0
2822,0,5,1
2822,1,5,0
2822,0,6,1
2822,1,6,4
2822,0,7,4
2822,1,7,0
2822,0,8,0
2822,1,8,0
2822,0,9,0
2822,1,9,0
2823,0,1,0
2823,1,1,0
2823,0,2,2
2823,1,2,0
2823,0,3,0
2823,1,3,0
2823,0,4,0
2823,1,4,0
2823,0,5,0
2823,1,5,1
2823,0,6,3
2823,1,6,0
2823,0,7,0
2823,1,7,2
2823,0,8,1
2823,1,8,0
2823,0,9,0
2823,1,9,1
