team_id,year,league_id,sub_league_id,division_id,level_id,split_id,position,g,gs,tc,a,po,e,dp,tp,pb,sba,rto,er,ip,ipf,pct,range,rtop,cera
1,2000,100,0,2,0,0,0,162,0,6062,1667,4284,111,177,0,8,115,31,0,12852,0,0.9817,4.1674,0.2696,0.0000
1,2001,100,0,2,0,0,0,162,0,6025,1589,4309,127,133,1,15,143,53,0,12927,0,0.9789,4.1063,0.3706,0.0000
1,2002,100,0,2,0,0,0,162,0,6008,1609,4316,83,141,0,10,105,40,0,12948,0,0.9862,4.1184,0.3810,0.0000
1,2003,100,0,2,0,0,0,162,0,6120,1645,4378,97,155,0,9,93,28,0,13140,0,0.9842,4.1253,0.3011,0.0000
1,2004,100,0,2,0,0,0,162,0,6127,1611,4413,103,116,0,10,118,42,0,13239,0,0.9832,4.0952,0.3559,0.0000
1,2005,100,0,2,0,0,0,162,0,5980,1561,4328,91,130,0,9,136,51,0,12984,0,0.9848,4.0820,0.3750,0.0000
1,2006,100,0,2,0,0,0,162,0,6025,1573,4359,93,151,0,7,127,43,0,13080,0,0.9846,4.0817,0.3386,0.0000
1,2007,100,0,2,0,0,0,162,0,6049,1566,4382,101,149,0,12,125,38,0,13152,0,0.9833,4.0703,0.3040,0.0000
1,2008,100,0,2,0,0,0,163,0,5978,1516,4355,107,117,0,10,129,24,0,13065,0,0.9821,4.0443,0.1860,0.0000
1,2009,100,0,2,0,0,0,162,0,5994,1589,4337,68,144,0,9,147,40,0,13014,0,0.9887,4.0982,0.2721,0.0000
1,2010,100,0,2,0,0,0,162,0,6025,1593,4368,64,140,0,10,98,23,0,13107,0,0.9894,4.0932,0.2347,0.0000
1,2011,100,0,2,0,0,0,162,0,6151,1667,4394,90,120,0,8,142,32,0,13182,0,0.9854,4.1381,0.2254,0.0000
1,2012,100,0,2,0,0,0,162,0,6027,1529,4406,92,142,0,15,100,37,0,13224,0,0.9847,4.0392,0.3700,0.0000
1,2013,100,0,2,0,0,0,162,0,6107,1585,4426,96,155,0,14,68,21,0,13281,0,0.9843,4.0734,0.3088,0.0000
1,2014,100,0,2,0,0,0,162,0,5970,1476,4398,96,136,0,5,80,17,0,13194,0,0.9839,4.0068,0.2125,0.0000
1,2015,100,0,2,0,0,0,162,0,5978,1509,4383,86,137,0,5,81,24,0,13152,0,0.9856,4.0319,0.2963,0.0000
1,2016,100,0,2,0,0,0,162,0,6007,1604,4303,100,139,0,3,131,30,0,12912,0,0.9834,4.1173,0.2290,0.0000
1,2017,100,0,2,0,0,0,162,0,6162,1631,4436,95,138,0,15,111,26,0,13308,0,0.9846,4.1030,0.2342,0.0000
2,2000,100,0,0,0,0,0,162,0,6085,1668,4320,97,163,0,7,122,42,0,12960,0,0.9841,4.1583,0.3443,0.0000
2,2001,100,0,0,0,0,0,161,0,6107,1701,4309,97,151,0,16,172,47,0,12933,0,0.9841,4.1823,0.2733,0.0000
2,2002,100,0,0,0,0,0,162,0,6106,1650,4379,77,131,0,11,118,43,0,13140,0,0.9874,4.1295,0.3644,0.0000
2,2003,100,0,0,0,0,0,162,0,6097,1648,4353,96,144,0,13,114,37,0,13062,0,0.9843,4.1348,0.3246,0.0000
2,2004,100,0,0,0,0,0,162,0,6121,1639,4383,99,163,0,8,127,52,0,13152,0,0.9838,4.1209,0.4094,0.0000
2,2005,100,0,0,0,0,0,162,0,6053,1596,4359,98,129,0,9,152,43,0,13077,0,0.9838,4.0984,0.2829,0.0000
2,2006,100,0,0,0,0,0,162,0,6054,1620,4332,102,184,1,13,134,40,0,12996,0,0.9832,4.1219,0.2985,0.0000
2,2007,100,0,0,0,0,0,162,0,6060,1584,4380,96,149,0,19,133,41,0,13143,0,0.9842,4.0840,0.3083,0.0000
2,2008,100,0,0,0,0,0,161,0,6080,1661,4307,112,158,1,9,162,34,0,12924,0,0.9816,4.1560,0.2099,0.0000
2,2009,100,0,0,0,0,0,162,0,6013,1651,4273,89,175,1,9,166,35,0,12825,0,0.9852,4.1572,0.2108,0.0000
2,2010,100,0,0,0,0,0,162,0,6105,1658,4366,81,164,0,3,76,26,0,13101,0,0.9867,4.1383,0.3421,0.0000
2,2011,100,0,0,0,0,0,162,0,5996,1571,4318,107,128,1,5,72,23,0,12957,0,0.9822,4.0905,0.3194,0.0000
2,2012,100,0,0,0,0,0,162,0,6037,1590,4381,66,160,0,8,82,23,0,13143,0,0.9891,4.0888,0.2805,0.0000
2,2013,100,0,0,0,0,0,162,0,6070,1597,4416,57,156,0,6,66,19,0,13260,0,0.9906,4.0812,0.2879,0.0000
2,2014,100,0,0,0,0,0,162,0,6104,1551,4464,89,146,1,7,86,19,0,13392,0,0.9854,4.0423,0.2209,0.0000
2,2015,100,0,0,0,0,0,162,0,6037,1551,4396,90,135,0,8,85,25,0,13188,0,0.9851,4.0585,0.2941,0.0000
2,2016,100,0,0,0,0,0,162,0,6042,1603,4376,63,147,0,6,111,27,0,13128,0,0.9896,4.0989,0.2432,0.0000
2,2017,100,0,0,0,0,0,162,0,5965,1544,4332,89,108,0,16,132,37,0,12999,0,0.9851,4.0683,0.2803,0.0000
3,2000,100,0,0,0,0,0,162,0,6101,1633,4357,111,149,0,10,127,42,0,13071,0,0.9818,4.1244,0.3307,0.0000
3,2001,100,0,0,0,0,0,161,0,6135,1606,4399,130,134,0,15,188,51,0,13200,0,0.9788,4.0943,0.2713,0.0000
3,2002,100,0,0,0,0,0,162,0,6144,1664,4378,102,146,0,13,144,46,0,13134,0,0.9834,4.1402,0.3194,0.0000
3,2003,100,0,0,0,0,0,162,0,6153,1683,4347,123,151,0,4,157,52,0,13041,0,0.9800,4.1615,0.3312,0.0000
3,2004,100,0,0,0,0,0,162,0,6026,1536,4395,95,127,0,9,116,38,0,13188,0,0.9842,4.0475,0.3276,0.0000
3,2005,100,0,0,0,0,0,162,0,6150,1659,4382,109,155,0,8,125,32,0,13146,0,0.9823,4.1358,0.2560,0.0000
3,2006,100,0,0,0,0,0,162,0,5954,1554,4317,83,158,0,4,121,31,0,12957,0,0.9861,4.0780,0.2562,0.0000
3,2007,100,0,0,0,0,0,162,0,5998,1561,4351,86,127,0,16,164,45,0,13053,0,0.9857,4.0763,0.2744,0.0000
3,2008,100,0,0,0,0,0,162,0,6069,1531,4445,93,144,0,7,137,39,0,13338,0,0.9847,4.0324,0.2847,0.0000
3,2009,100,0,0,0,0,0,163,0,6071,1567,4414,90,158,0,6,129,35,0,13254,0,0.9852,4.0613,0.2713,0.0000
3,2010,100,0,0,0,0,0,162,0,6081,1605,4376,100,120,0,7,134,32,0,13128,0,0.9836,4.1003,0.2388,0.0000
3,2011,100,0,0,0,0,0,162,0,5947,1555,4311,81,145,1,8,116,28,0,12936,0,0.9864,4.0812,0.2414,0.0000
3,2012,100,0,0,0,0,0,162,0,5937,1505,4348,84,137,0,13,118,31,0,13050,0,0.9859,4.0366,0.2627,0.0000
3,2013,100,0,0,0,0,0,162,0,6005,1563,4353,89,148,0,10,109,27,0,13059,0,0.9852,4.0772,0.2477,0.0000
3,2014,100,0,0,0,0,0,162,0,6008,1549,4370,89,152,0,9,90,22,0,13110,0,0.9852,4.0634,0.2444,0.0000
3,2015,100,0,0,0,0,0,162,0,6017,1582,4347,88,143,0,10,94,29,0,13041,0,0.9854,4.0918,0.3085,0.0000
3,2016,100,0,0,0,0,0,162,0,5979,1528,4357,94,119,0,12,91,34,0,13071,0,0.9843,4.0521,0.3736,0.0000
3,2017,100,0,0,0,0,0,162,0,6059,1580,4398,81,129,0,18,92,22,0,13197,0,0.9866,4.0768,0.2391,0.0000
4,2000,100,0,1,0,0,0,162,0,6141,1616,4393,132,153,0,9,143,46,0,13179,0,0.9785,4.1036,0.3217,0.0000
4,2001,100,0,1,0,0,0,162,0,6129,1649,4360,120,132,0,15,153,42,0,13080,0,0.9804,4.1346,0.2745,0.0000
4,2002,100,0,1,0,0,0,162,0,6160,1679,4388,93,145,0,17,153,54,0,13170,0,0.9849,4.1460,0.3529,0.0000
4,2003,100,0,1,0,0,0,162,0,6001,1563,4323,115,130,0,15,118,28,0,12969,0,0.9808,4.0847,0.2373,0.0000
4,2004,100,0,1,0,0,0,162,0,6099,1679,4334,86,164,0,13,160,57,0,13005,0,0.9859,4.1612,0.3563,0.0000
4,2005,100,0,1,0,0,0,162,0,5999,1597,4308,94,148,0,4,103,24,0,12927,0,0.9843,4.1112,0.2330,0.0000
4,2006,100,0,1,0,0,0,162,0,6143,1696,4339,108,158,1,8,112,32,0,13023,0,0.9824,4.1707,0.2857,0.0000
4,2007,100,0,1,0,0,0,162,0,6046,1608,4345,93,158,1,11,112,27,0,13035,0,0.9846,4.1102,0.2411,0.0000
4,2008,100,0,1,0,0,0,161,0,6192,1631,4456,105,156,0,4,113,33,0,13368,0,0.9830,4.0981,0.2920,0.0000
4,2009,100,0,1,0,0,0,162,0,6207,1711,4396,100,169,0,10,160,58,0,13188,0,0.9839,4.1677,0.3625,0.0000
4,2010,100,0,1,0,0,0,162,0,6118,1638,4388,92,142,0,11,98,23,0,13164,0,0.9850,4.1199,0.2347,0.0000
4,2011,100,0,1,0,0,0,164,0,6145,1587,4443,115,129,0,5,98,35,0,13332,0,0.9813,4.0707,0.3571,0.0000
4,2012,100,0,1,0,0,0,162,0,5903,1507,4312,84,145,0,8,112,35,0,12939,0,0.9858,4.0475,0.3125,0.0000
4,2013,100,0,1,0,0,0,162,0,5928,1499,4349,80,153,0,6,78,17,0,13053,0,0.9865,4.0322,0.2179,0.0000
4,2014,100,0,1,0,0,0,162,0,6006,1553,4334,119,140,0,9,121,40,0,13002,0,0.9802,4.0750,0.3306,0.0000
4,2015,100,0,1,0,0,0,162,0,6031,1523,4414,94,130,0,9,79,33,0,13251,0,0.9844,4.0324,0.4177,0.0000
4,2016,100,0,1,0,0,0,162,0,6103,1633,4376,94,124,0,18,125,34,0,13128,0,0.9846,4.1195,0.2720,0.0000
4,2017,100,0,1,0,0,0,162,0,6186,1636,4431,119,138,0,22,142,48,0,13293,0,0.9808,4.1077,0.3380,0.0000
5,2000,100,0,1,0,0,0,162,0,6104,1669,4355,80,156,0,6,136,55,0,13065,0,0.9869,4.1497,0.4044,0.0000
5,2001,100,0,1,0,0,0,162,0,6126,1659,4381,86,153,0,9,123,40,0,13143,0,0.9860,4.1360,0.3252,0.0000
5,2002,100,0,1,0,0,0,162,0,6067,1660,4285,122,144,0,11,156,59,0,12858,0,0.9799,4.1612,0.3782,0.0000
5,2003,100,0,1,0,0,0,162,0,6176,1722,4355,99,149,0,10,123,40,0,13065,0,0.9840,4.1862,0.3252,0.0000
5,2004,100,0,1,0,0,0,163,0,6100,1619,4392,89,153,0,8,97,35,0,13176,0,0.9854,4.1059,0.3608,0.0000
5,2005,100,0,1,0,0,0,162,0,6163,1666,4360,137,158,0,6,120,35,0,13086,0,0.9778,4.1444,0.2917,0.0000
5,2006,100,0,1,0,0,0,162,0,6260,1742,4413,105,135,0,6,124,43,0,13239,0,0.9832,4.1842,0.3468,0.0000
5,2007,100,0,1,0,0,0,162,0,6206,1711,4417,78,155,0,12,99,33,0,13251,0,0.9874,4.1621,0.3333,0.0000
5,2008,100,0,1,0,0,0,162,0,6152,1688,4368,96,158,0,9,98,25,0,13104,0,0.9844,4.1593,0.2551,0.0000
5,2009,100,0,1,0,0,0,162,0,6108,1662,4357,89,134,0,11,154,29,0,13074,0,0.9854,4.1434,0.1883,0.0000
5,2010,100,0,1,0,0,0,162,0,6157,1678,4388,91,166,0,4,103,25,0,13170,0,0.9852,4.1453,0.2427,0.0000
5,2011,100,0,1,0,0,0,162,0,6063,1620,4343,100,138,0,8,121,37,0,13032,0,0.9835,4.1181,0.3058,0.0000
5,2012,100,0,1,0,0,0,162,0,6045,1619,4337,89,151,0,19,133,37,0,13020,0,0.9853,4.1171,0.2782,0.0000
5,2013,100,0,1,0,0,0,162,0,5980,1463,4422,95,134,0,14,93,25,0,13266,0,0.9841,3.9925,0.2688,0.0000
5,2014,100,0,1,0,0,0,162,0,5975,1505,4386,84,148,0,17,88,32,0,13158,0,0.9859,4.0294,0.3636,0.0000
5,2015,100,0,1,0,0,0,161,0,5828,1416,4333,79,121,0,3,77,27,0,12999,0,0.9864,3.9804,0.3506,0.0000
5,2016,100,0,1,0,0,0,162,0,6045,1599,4381,65,142,0,13,127,46,0,13143,0,0.9892,4.0950,0.3622,0.0000
5,2017,100,0,1,0,0,0,162,0,5947,1553,4311,83,131,0,12,130,33,0,12933,0,0.9860,4.0807,0.2538,0.0000
6,2000,100,0,1,0,0,0,162,0,6127,1672,4339,116,151,0,14,102,27,0,13020,0,0.9811,4.1551,0.2647,0.0000
6,2001,100,0,1,0,0,0,162,0,6108,1678,4313,117,146,0,13,187,63,0,12939,0,0.9808,4.1672,0.3369,0.0000
6,2002,100,0,1,0,0,0,161,0,6221,1797,4297,127,182,0,12,142,39,0,12897,0,0.9796,4.2526,0.2746,0.0000
6,2003,100,0,1,0,0,0,162,0,6225,1746,4374,105,148,0,7,140,37,0,13131,0,0.9831,4.1947,0.2643,0.0000
6,2004,100,0,1,0,0,0,162,0,6169,1692,4340,137,163,1,8,95,30,0,13023,0,0.9778,4.1686,0.3158,0.0000
6,2005,100,0,1,0,0,0,162,0,6234,1741,4383,110,161,0,6,88,27,0,13152,0,0.9824,4.1907,0.3068,0.0000
6,2006,100,0,1,0,0,0,162,0,6291,1781,4410,100,196,0,7,76,27,0,13233,0,0.9841,4.2106,0.3553,0.0000
6,2007,100,0,1,0,0,0,162,0,6200,1694,4408,98,163,0,17,106,30,0,13227,0,0.9842,4.1520,0.2830,0.0000
6,2008,100,0,1,0,0,0,161,0,5957,1581,4275,101,164,0,9,105,33,0,12828,0,0.9830,4.1085,0.3143,0.0000
6,2009,100,0,1,0,0,0,162,0,5974,1518,4373,83,138,0,9,109,31,0,13119,0,0.9861,4.0414,0.2844,0.0000
6,2010,100,0,1,0,0,0,162,0,6042,1549,4411,82,133,0,6,106,28,0,13233,0,0.9864,4.0535,0.2642,0.0000
6,2011,100,0,1,0,0,0,164,0,6168,1635,4446,87,130,1,13,91,29,0,13341,0,0.9859,4.1023,0.3187,0.0000
6,2012,100,0,1,0,0,0,162,0,5991,1524,4382,85,124,0,15,112,30,0,13146,0,0.9858,4.0434,0.2679,0.0000
6,2013,100,0,1,0,0,0,162,0,5995,1523,4370,102,116,0,8,99,24,0,13110,0,0.9830,4.0455,0.2424,0.0000
6,2014,100,0,1,0,0,0,162,0,6069,1606,4359,104,144,0,10,95,27,0,13077,0,0.9829,4.1053,0.2842,0.0000
6,2015,100,0,1,0,0,0,161,0,6137,1637,4414,86,156,0,11,84,33,0,13245,0,0.9860,4.1117,0.3929,0.0000
6,2016,100,0,1,0,0,0,162,0,6146,1645,4405,96,155,0,12,111,35,0,13218,0,0.9844,4.1194,0.3153,0.0000
6,2017,100,0,1,0,0,0,162,0,5987,1614,4280,93,131,0,16,138,42,0,12840,0,0.9845,4.1313,0.3043,0.0000
7,2000,100,0,1,0,0,0,162,0,6094,1676,4313,105,151,0,15,155,46,0,12942,0,0.9828,4.1648,0.2968,0.0000
7,2001,100,0,1,0,0,0,162,0,6109,1662,4332,115,145,1,8,179,59,0,13008,0,0.9812,4.1471,0.3296,0.0000
7,2002,100,0,1,0,0,0,162,0,6062,1657,4313,92,137,0,16,147,46,0,12942,0,0.9848,4.1516,0.3129,0.0000
7,2003,100,0,1,0,0,0,162,0,6070,1636,4332,102,146,0,9,158,41,0,13002,0,0.9832,4.1311,0.2595,0.0000
7,2004,100,0,1,0,0,0,162,0,5974,1595,4280,99,157,0,7,146,36,0,12843,0,0.9834,4.1170,0.2466,0.0000
7,2005,100,0,1,0,0,0,162,0,6099,1666,4322,111,148,0,15,162,47,0,12972,0,0.9818,4.1545,0.2901,0.0000
7,2006,100,0,1,0,0,0,162,0,6176,1709,4356,111,161,0,8,133,36,0,13068,0,0.9820,4.1770,0.2707,0.0000
7,2007,100,0,1,0,0,0,162,0,5997,1493,4380,124,146,0,18,153,34,0,13140,0,0.9793,4.0226,0.2222,0.0000
7,2008,100,0,1,0,0,0,162,0,6066,1587,4381,98,177,0,6,113,32,0,13149,0,0.9838,4.0849,0.2832,0.0000
7,2009,100,0,1,0,0,0,162,0,6057,1610,4346,101,154,1,13,155,42,0,13041,0,0.9833,4.1104,0.2710,0.0000
7,2010,100,0,1,0,0,0,162,0,6050,1619,4331,100,154,0,6,114,30,0,12993,0,0.9835,4.1215,0.2632,0.0000
7,2011,100,0,1,0,0,0,164,0,6219,1666,4457,96,150,0,13,99,32,0,13371,0,0.9846,4.1214,0.3232,0.0000
7,2012,100,0,1,0,0,0,162,0,6086,1618,4383,85,158,1,15,96,31,0,13149,0,0.9860,4.1075,0.3229,0.0000
7,2013,100,0,1,0,0,0,162,0,6122,1599,4421,102,131,0,13,78,18,0,13263,0,0.9833,4.0850,0.2308,0.0000
7,2014,100,0,1,0,0,0,162,0,5971,1525,4377,69,158,0,4,49,13,0,13131,0,0.9884,4.0452,0.2653,0.0000
7,2015,100,0,1,0,0,0,162,0,6133,1564,4472,97,146,0,4,58,28,0,13416,0,0.9842,4.0492,0.4828,0.0000
7,2016,100,0,1,0,0,0,162,0,5984,1549,4351,84,141,0,13,76,22,0,13056,0,0.9860,4.0671,0.2895,0.0000
7,2017,100,0,1,0,0,0,162,0,5982,1548,4360,74,136,0,15,61,16,0,13080,0,0.9876,4.0651,0.2623,0.0000
8,2000,100,0,1,0,0,0,162,0,5979,1591,4277,111,128,0,7,124,44,0,12831,0,0.9814,4.1160,0.3548,0.0000
8,2001,100,0,1,0,0,0,162,0,6218,1717,4410,91,164,1,13,147,47,0,13233,0,0.9854,4.1671,0.3197,0.0000
8,2002,100,0,1,0,0,0,161,0,6004,1601,4320,83,148,0,15,127,43,0,12963,0,0.9862,4.1109,0.3386,0.0000
8,2003,100,0,1,0,0,0,162,0,6124,1658,4380,86,161,0,6,128,41,0,13146,0,0.9860,4.1337,0.3203,0.0000
8,2004,100,0,1,0,0,0,163,0,6134,1656,4384,94,119,0,7,126,50,0,13155,0,0.9847,4.1323,0.3968,0.0000
8,2005,100,0,1,0,0,0,162,0,6123,1623,4383,117,143,0,4,124,32,0,13149,0,0.9809,4.1109,0.2581,0.0000
8,2006,100,0,1,0,0,0,162,0,5939,1516,4330,93,152,0,6,99,24,0,12993,0,0.9843,4.0494,0.2424,0.0000
8,2007,100,0,1,0,0,0,162,0,6110,1603,4413,94,141,0,15,127,41,0,13239,0,0.9846,4.0897,0.3228,0.0000
8,2008,100,0,1,0,0,0,162,0,6009,1578,4346,85,140,0,8,99,30,0,13041,0,0.9859,4.0883,0.3030,0.0000
8,2009,100,0,1,0,0,0,162,0,6169,1611,4451,107,140,0,6,117,38,0,13359,0,0.9827,4.0840,0.3248,0.0000
8,2010,100,0,1,0,0,0,162,0,6135,1689,4367,79,158,0,15,74,18,0,13101,0,0.9871,4.1603,0.2432,0.0000
8,2011,100,0,1,0,0,0,162,0,6095,1665,4326,104,144,1,6,112,32,0,12978,0,0.9829,4.1546,0.2857,0.0000
8,2012,100,0,1,0,0,0,162,0,5975,1633,4240,102,157,0,15,114,28,0,12723,0,0.9829,4.1544,0.2456,0.0000
8,2013,100,0,1,0,0,0,162,0,6061,1667,4305,89,164,0,14,107,30,0,12915,0,0.9853,4.1617,0.2804,0.0000
8,2014,100,0,1,0,0,0,162,0,6145,1690,4358,97,154,0,11,94,21,0,13077,0,0.9842,4.1624,0.2234,0.0000
8,2015,100,0,1,0,0,0,162,0,6134,1703,4330,101,160,1,8,97,30,0,12996,0,0.9835,4.1780,0.3093,0.0000
8,2016,100,0,1,0,0,0,162,0,6170,1683,4389,98,141,1,16,128,36,0,13167,0,0.9841,4.1504,0.2813,0.0000
8,2017,100,0,1,0,0,0,162,0,6066,1654,4291,121,148,0,15,137,37,0,12873,0,0.9801,4.1564,0.2701,0.0000
9,2000,100,0,0,0,0,0,161,0,6080,1627,4318,135,138,0,4,122,44,0,12957,0,0.9778,4.1294,0.3607,0.0000
9,2001,100,0,0,0,0,0,160,0,6071,1610,4343,118,133,0,12,145,48,0,13032,0,0.9806,4.1112,0.3310,0.0000
9,2002,100,0,0,0,0,0,161,0,6078,1620,4346,112,142,0,10,121,47,0,13041,0,0.9816,4.1173,0.3884,0.0000
9,2003,100,0,0,0,0,0,162,0,6165,1664,4377,124,158,1,6,107,38,0,13137,0,0.9799,4.1386,0.3551,0.0000
9,2004,100,0,0,0,0,0,162,0,6156,1674,4377,105,140,0,8,128,33,0,13131,0,0.9829,4.1474,0.2578,0.0000
9,2005,100,0,0,0,0,0,162,0,6181,1723,4344,114,159,0,9,115,34,0,13032,0,0.9816,4.1899,0.2957,0.0000
9,2006,100,0,0,0,0,0,162,0,6165,1696,4356,113,150,0,11,115,28,0,13071,0,0.9817,4.1671,0.2435,0.0000
9,2007,100,0,0,0,0,0,162,0,6077,1677,4299,101,169,0,20,128,33,0,12897,0,0.9834,4.1703,0.2578,0.0000
9,2008,100,0,0,0,0,0,162,0,6161,1634,4428,99,155,0,15,142,41,0,13284,0,0.9839,4.1070,0.2887,0.0000
9,2009,100,0,0,0,0,0,162,0,6065,1573,4412,80,144,0,9,117,30,0,13236,0,0.9868,4.0696,0.2564,0.0000
9,2010,100,0,0,0,0,0,162,0,6078,1619,4384,75,142,0,12,101,33,0,13155,0,0.9877,4.1070,0.3267,0.0000
9,2011,100,0,0,0,0,0,162,0,6035,1602,4343,90,133,0,8,103,43,0,13029,0,0.9851,4.1066,0.4175,0.0000
9,2012,100,0,0,0,0,0,162,0,6007,1552,4372,83,140,0,8,93,28,0,13116,0,0.9862,4.0650,0.3011,0.0000
9,2013,100,0,0,0,0,0,162,0,5956,1557,4309,90,141,1,13,96,24,0,12930,0,0.9849,4.0831,0.2500,0.0000
9,2014,100,0,0,0,0,0,162,0,6016,1526,4383,107,142,0,7,67,16,0,13155,0,0.9822,4.0426,0.2388,0.0000
9,2015,100,0,0,0,0,0,162,0,6125,1632,4392,101,187,0,9,84,30,0,13176,0,0.9835,4.1148,0.3571,0.0000
9,2016,100,0,0,0,0,0,162,0,5992,1565,4331,96,144,0,16,103,25,0,12993,0,0.9840,4.0840,0.2427,0.0000
9,2017,100,0,0,0,0,0,162,0,5937,1512,4340,85,129,0,14,101,31,0,13020,0,0.9857,4.0452,0.3069,0.0000
10,2000,100,0,2,0,0,0,161,0,6125,1688,4343,94,166,0,8,116,40,0,13029,0,0.9847,4.1660,0.3448,0.0000
10,2001,100,0,2,0,0,0,162,0,6063,1590,4384,89,103,1,12,119,38,0,13152,0,0.9853,4.0880,0.3193,0.0000
10,2002,100,0,2,0,0,0,162,0,6054,1616,4339,99,133,0,18,111,40,0,13023,0,0.9836,4.1154,0.3604,0.0000
10,2003,100,0,2,0,0,0,162,0,6114,1618,4393,103,114,0,6,126,49,0,13179,0,0.9832,4.1049,0.3889,0.0000
10,2004,100,0,2,0,0,0,162,0,6060,1618,4362,80,130,0,8,98,28,0,13089,0,0.9868,4.1118,0.2857,0.0000
10,2005,100,0,2,0,0,0,162,0,6200,1720,4391,89,151,0,6,119,40,0,13176,0,0.9856,4.1742,0.3361,0.0000
10,2006,100,0,2,0,0,0,162,0,6106,1696,4336,74,168,0,10,123,32,0,13011,0,0.9879,4.1725,0.2602,0.0000
10,2007,100,0,2,0,0,0,162,0,6101,1694,4312,95,162,0,13,123,36,0,12936,0,0.9844,4.1786,0.2927,0.0000
10,2008,100,0,2,0,0,0,162,0,5984,1562,4334,88,130,0,5,117,35,0,13005,0,0.9853,4.0803,0.2991,0.0000
10,2009,100,0,2,0,0,0,162,0,6113,1619,4403,91,136,0,5,137,40,0,13212,0,0.9851,4.1022,0.2920,0.0000
10,2010,100,0,2,0,0,0,162,0,6183,1676,4434,73,158,1,8,93,22,0,13302,0,0.9882,4.1340,0.2366,0.0000
10,2011,100,0,2,0,0,0,162,0,6116,1665,4340,111,143,0,9,123,43,0,13026,0,0.9819,4.1490,0.3496,0.0000
10,2012,100,0,2,0,0,0,162,0,6151,1620,4429,102,139,0,5,134,33,0,13287,0,0.9834,4.0973,0.2463,0.0000
10,2013,100,0,2,0,0,0,162,0,6046,1546,4402,98,131,0,7,87,23,0,13206,0,0.9838,4.0536,0.2644,0.0000
10,2014,100,0,2,0,0,0,162,0,6013,1518,4387,108,138,0,7,89,24,0,13161,0,0.9820,4.0381,0.2697,0.0000
10,2015,100,0,2,0,0,0,162,0,6079,1605,4350,124,125,0,6,113,31,0,13059,0,0.9796,4.1041,0.2743,0.0000
10,2016,100,0,2,0,0,0,162,0,6075,1661,4290,124,148,0,22,130,41,0,12870,0,0.9796,4.1615,0.3154,0.0000
10,2017,100,0,2,0,0,0,162,0,6120,1660,4342,118,146,0,20,169,44,0,13029,0,0.9807,4.1460,0.2604,0.0000
11,2000,100,0,2,0,0,0,162,0,6223,1695,4411,117,142,0,10,106,28,0,13236,0,0.9812,4.1519,0.2642,0.0000
11,2001,100,0,2,0,0,0,162,0,6086,1626,4374,86,138,0,17,105,40,0,13122,0,0.9859,4.1152,0.3810,0.0000
11,2002,100,0,2,0,0,0,162,0,6139,1687,4372,80,174,0,10,139,52,0,13116,0,0.9870,4.1576,0.3741,0.0000
11,2003,100,0,2,0,0,0,162,0,6124,1667,4369,88,107,0,12,102,31,0,13107,0,0.9856,4.1447,0.3039,0.0000
11,2004,100,0,2,0,0,0,162,0,6224,1723,4394,107,158,0,14,122,35,0,13188,0,0.9828,4.1745,0.2869,0.0000
11,2005,100,0,2,0,0,0,162,0,6134,1679,4367,88,159,0,10,124,38,0,13101,0,0.9857,4.1534,0.3065,0.0000
11,2006,100,0,2,0,0,0,162,0,6018,1582,4334,102,147,0,4,85,30,0,13005,0,0.9831,4.0941,0.3529,0.0000
11,2007,100,0,2,0,0,0,162,0,6185,1653,4429,103,166,0,16,126,20,0,13287,0,0.9833,4.1197,0.1587,0.0000
11,2008,100,0,2,0,0,0,162,0,6092,1696,4292,104,169,0,13,114,32,0,12879,0,0.9829,4.1845,0.2807,0.0000
11,2009,100,0,2,0,0,0,162,0,6035,1594,4334,107,144,0,18,131,34,0,13002,0,0.9823,4.1034,0.2595,0.0000
11,2010,100,0,2,0,0,0,162,0,6122,1660,4374,88,144,0,10,115,33,0,13125,0,0.9856,4.1376,0.2870,0.0000
11,2011,100,0,2,0,0,0,162,0,6150,1659,4398,93,120,0,13,115,42,0,13194,0,0.9849,4.1317,0.3652,0.0000
11,2012,100,0,2,0,0,0,162,0,5866,1497,4289,80,130,0,10,126,23,0,12870,0,0.9864,4.0462,0.1825,0.0000
11,2013,100,0,2,0,0,0,162,0,6146,1609,4435,102,142,0,9,100,31,0,13308,0,0.9834,4.0875,0.3100,0.0000
11,2014,100,0,2,0,0,0,162,0,6038,1574,4370,94,146,1,10,73,24,0,13110,0,0.9844,4.0805,0.3288,0.0000
11,2015,100,0,2,0,0,0,162,0,5931,1514,4328,89,126,0,11,70,27,0,12984,0,0.9850,4.0494,0.3857,0.0000
11,2016,100,0,2,0,0,0,162,0,6116,1606,4413,97,134,0,11,108,31,0,13239,0,0.9841,4.0918,0.2870,0.0000
11,2017,100,0,2,0,0,0,162,0,6015,1550,4362,103,139,0,12,111,24,0,13092,0,0.9829,4.0642,0.2162,0.0000
12,2000,100,0,0,0,0,0,161,0,6011,1621,4261,129,146,0,7,140,35,0,12786,0,0.9785,4.1403,0.2500,0.0000
12,2001,100,0,0,0,0,0,162,0,6144,1635,4387,122,151,0,20,163,47,0,13161,0,0.9801,4.1181,0.2883,0.0000
12,2002,100,0,0,0,0,0,161,0,5976,1594,4283,99,163,0,10,145,39,0,12849,0,0.9834,4.1165,0.2690,0.0000
12,2003,100,0,0,0,0,0,162,0,6128,1665,4334,129,159,0,19,127,44,0,13005,0,0.9789,4.1516,0.3465,0.0000
12,2004,100,0,0,0,0,0,161,0,6169,1680,4374,115,156,0,9,116,40,0,13122,0,0.9814,4.1523,0.3448,0.0000
12,2005,100,0,0,0,0,0,162,0,6091,1664,4312,115,174,0,10,148,44,0,12939,0,0.9811,4.1567,0.2973,0.0000
12,2006,100,0,0,0,0,0,162,0,6121,1639,4367,115,161,1,18,128,38,0,13104,0,0.9812,4.1250,0.2969,0.0000
12,2007,100,0,0,0,0,0,162,0,5916,1509,4303,104,149,0,9,111,31,0,12912,0,0.9824,4.0511,0.2793,0.0000
12,2008,100,0,0,0,0,0,162,0,5963,1491,4372,100,128,0,2,93,29,0,13116,0,0.9832,4.0231,0.3118,0.0000
12,2009,100,0,0,0,0,0,162,0,5973,1504,4390,79,114,0,10,117,39,0,13173,0,0.9868,4.0269,0.3333,0.0000
12,2010,100,0,0,0,0,0,162,0,5948,1544,4339,65,124,0,7,65,20,0,13020,0,0.9891,4.0666,0.3077,0.0000
12,2011,100,0,0,0,0,0,162,0,6030,1521,4415,94,127,0,6,105,26,0,13251,0,0.9844,4.0317,0.2476,0.0000
12,2012,100,0,0,0,0,0,162,0,5875,1417,4377,81,112,1,11,100,31,0,13134,0,0.9862,3.9703,0.3100,0.0000
12,2013,100,0,0,0,0,0,162,0,5944,1512,4348,84,123,0,13,91,24,0,13047,0,0.9859,4.0423,0.2637,0.0000
12,2014,100,0,0,0,0,0,162,0,5935,1496,4372,67,144,0,11,72,21,0,13122,0,0.9887,4.0247,0.2917,0.0000
12,2015,100,0,0,0,0,0,162,0,5868,1461,4339,68,140,0,7,80,22,0,13020,0,0.9884,4.0092,0.2750,0.0000
12,2016,100,0,0,0,0,0,162,0,6012,1612,4304,96,155,0,15,95,36,0,12915,0,0.9840,4.1226,0.3789,0.0000
12,2017,100,0,0,0,0,0,162,0,5954,1550,4322,82,140,0,16,96,39,0,12972,0,0.9862,4.0740,0.4063,0.0000
13,2000,100,0,2,0,0,0,162,0,6173,1698,4362,113,159,0,12,108,40,0,13089,0,0.9817,4.1669,0.3704,0.0000
13,2001,100,0,2,0,0,0,162,0,6167,1704,4352,111,156,0,14,132,43,0,13056,0,0.9820,4.1746,0.3258,0.0000
13,2002,100,0,2,0,0,0,162,0,6144,1682,4372,90,155,0,17,119,46,0,13119,0,0.9854,4.1532,0.3866,0.0000
13,2003,100,0,2,0,0,0,162,0,6106,1708,4290,108,161,0,11,133,39,0,12870,0,0.9823,4.1944,0.2932,0.0000
13,2004,100,0,2,0,0,0,162,0,6237,1759,4382,96,159,0,9,117,39,0,13146,0,0.9846,4.2042,0.3333,0.0000
13,2005,100,0,2,0,0,0,162,0,6102,1691,4290,121,166,0,10,142,54,0,12876,0,0.9802,4.1806,0.3803,0.0000
13,2006,100,0,2,0,0,0,162,0,6093,1663,4330,100,144,0,10,137,33,0,12990,0,0.9836,4.1522,0.2409,0.0000
13,2007,100,0,2,0,0,0,162,0,6111,1638,4383,90,142,0,22,125,30,0,13149,0,0.9853,4.1211,0.2400,0.0000
13,2008,100,0,2,0,0,0,162,0,6082,1662,4308,112,161,0,8,143,42,0,12933,0,0.9816,4.1545,0.2937,0.0000
13,2009,100,0,2,0,0,0,162,0,6012,1579,4328,105,140,0,11,181,43,0,12984,0,0.9825,4.0945,0.2376,0.0000
13,2010,100,0,2,0,0,0,162,0,6004,1571,4352,81,142,0,14,110,32,0,13059,0,0.9865,4.0820,0.2909,0.0000
13,2011,100,0,2,0,0,0,162,0,6071,1584,4397,90,132,0,7,108,41,0,13191,0,0.9852,4.0807,0.3796,0.0000
13,2012,100,0,2,0,0,0,162,0,5973,1511,4362,100,139,0,4,125,38,0,13089,0,0.9833,4.0383,0.3040,0.0000
13,2013,100,0,2,0,0,0,162,0,5957,1488,4400,69,133,0,8,87,19,0,13203,0,0.9884,4.0136,0.2184,0.0000
13,2014,100,0,2,0,0,0,162,0,6096,1588,4407,101,138,0,8,92,28,0,13224,0,0.9834,4.0801,0.3043,0.0000
13,2015,100,0,2,0,0,0,162,0,6037,1598,4332,107,145,2,14,71,17,0,12999,0,0.9823,4.1057,0.2394,0.0000
13,2016,100,0,2,0,0,0,162,0,6144,1670,4374,100,138,0,13,115,21,0,13122,0,0.9837,4.1454,0.1826,0.0000
13,2017,100,0,2,0,0,0,162,0,6126,1621,4371,134,127,0,15,111,33,0,13113,0,0.9781,4.1126,0.2973,0.0000
14,2000,100,0,0,0,0,0,162,0,6168,1708,4363,97,139,0,11,136,53,0,13089,0,0.9843,4.1744,0.3897,0.0000
14,2001,100,0,0,0,0,0,162,0,6124,1638,4393,93,134,0,15,180,54,0,13182,0,0.9848,4.1177,0.3000,0.0000
14,2002,100,0,0,0,0,0,162,0,6139,1690,4335,114,160,0,13,170,50,0,13005,0,0.9814,4.1696,0.2941,0.0000
14,2003,100,0,0,0,0,0,162,0,6055,1605,4350,100,119,0,12,137,40,0,13053,0,0.9835,4.1060,0.2920,0.0000
14,2004,100,0,0,0,0,0,161,0,5985,1590,4310,85,165,0,10,149,40,0,12930,0,0.9858,4.1067,0.2685,0.0000
14,2005,100,0,0,0,0,0,162,0,6107,1659,4353,95,182,0,12,148,44,0,13059,0,0.9844,4.1433,0.2973,0.0000
14,2006,100,0,0,0,0,0,162,0,6019,1575,4353,91,129,0,4,129,35,0,13059,0,0.9849,4.0855,0.2713,0.0000
14,2007,100,0,0,0,0,0,162,0,6088,1619,4382,87,150,0,17,145,37,0,13152,0,0.9857,4.1065,0.2552,0.0000
14,2008,100,0,0,0,0,0,162,0,6095,1561,4451,83,153,0,11,139,36,0,13353,0,0.9864,4.0521,0.2590,0.0000
14,2009,100,0,0,0,0,0,163,0,6173,1605,4462,106,147,1,10,132,34,0,13392,0,0.9828,4.0773,0.2576,0.0000
14,2010,100,0,0,0,0,0,162,0,6032,1535,4406,91,128,0,10,93,25,0,13224,0,0.9849,4.0433,0.2688,0.0000
14,2011,100,0,0,0,0,0,162,0,6009,1609,4310,90,169,0,12,107,38,0,12933,0,0.9850,4.1190,0.3551,0.0000
14,2012,100,0,0,0,0,0,162,0,6005,1574,4335,96,163,0,6,114,26,0,13014,0,0.9840,4.0864,0.2281,0.0000
14,2013,100,0,0,0,0,0,162,0,6088,1586,4397,105,148,0,6,71,24,0,13191,0,0.9828,4.0821,0.3380,0.0000
14,2014,100,0,0,0,0,0,162,0,6088,1625,4371,92,159,0,8,79,19,0,13113,0,0.9849,4.1153,0.2405,0.0000
14,2015,100,0,0,0,0,0,162,0,6025,1617,4316,92,136,0,8,64,22,0,12954,0,0.9847,4.1220,0.3438,0.0000
14,2016,100,0,0,0,0,0,162,0,6046,1563,4383,100,151,0,22,88,23,0,13149,0,0.9835,4.0698,0.2614,0.0000
14,2017,100,0,0,0,0,0,162,0,5980,1568,4339,73,134,0,18,89,31,0,13017,0,0.9878,4.0841,0.3483,0.0000
15,2000,100,1,2,0,0,0,162,0,6172,1667,4403,102,141,0,7,118,41,0,13242,0,0.9835,4.1255,0.3475,0.0000
15,2001,100,1,2,0,0,0,162,0,6094,1683,4340,71,137,0,13,115,42,0,13044,0,0.9883,4.1557,0.3652,0.0000
15,2002,100,1,2,0,0,0,162,0,6140,1672,4368,100,146,0,14,119,40,0,13137,0,0.9837,4.1379,0.3361,0.0000
15,2003,100,1,2,0,0,0,162,0,6102,1671,4347,84,146,0,13,164,54,0,13074,0,0.9862,4.1427,0.3293,0.0000
15,2004,100,1,2,0,0,0,162,0,6191,1679,4376,136,140,0,9,131,46,0,13173,0,0.9780,4.1369,0.3511,0.0000
15,2005,100,1,2,0,0,0,162,0,6060,1690,4279,91,137,0,10,143,44,0,12864,0,0.9850,4.1761,0.3077,0.0000
15,2006,100,1,2,0,0,0,162,0,6199,1727,4376,96,144,0,11,147,37,0,13152,0,0.9845,4.1763,0.2517,0.0000
15,2007,100,1,2,0,0,0,162,0,6105,1626,4367,112,135,0,12,128,41,0,13125,0,0.9817,4.1095,0.3203,0.0000
15,2008,100,1,2,0,0,0,162,0,6173,1605,4471,97,132,0,4,134,48,0,13449,0,0.9843,4.0660,0.3582,0.0000
15,2009,100,1,2,0,0,0,162,0,6044,1597,4324,123,138,0,17,140,48,0,12996,0,0.9796,4.1004,0.3429,0.0000
15,2010,100,1,2,0,0,0,162,0,6130,1652,4367,111,135,0,13,97,30,0,13146,0,0.9819,4.1207,0.3093,0.0000
15,2011,100,1,2,0,0,0,162,0,6135,1650,4417,68,114,0,12,113,35,0,13281,0,0.9889,4.1114,0.3097,0.0000
15,2012,100,1,2,0,0,0,162,0,6011,1582,4327,102,140,0,10,106,31,0,13005,0,0.9830,4.0893,0.2925,0.0000
15,2013,100,1,2,0,0,0,162,0,6166,1662,4425,79,146,0,9,84,23,0,13308,0,0.9872,4.1165,0.2738,0.0000
15,2014,100,1,2,0,0,0,162,0,6111,1607,4420,84,138,0,6,99,37,0,13287,0,0.9863,4.0824,0.3737,0.0000
15,2015,100,1,2,0,0,0,162,0,5915,1443,4357,115,125,0,6,92,22,0,13101,0,0.9806,3.9844,0.2391,0.0000
15,2016,100,1,2,0,0,0,162,0,6168,1721,4354,93,140,0,13,111,35,0,13080,0,0.9849,4.1800,0.3153,0.0000
15,2017,100,1,2,0,0,0,162,0,6023,1554,4375,94,124,0,12,126,30,0,13143,0,0.9844,4.0600,0.2381,0.0000
16,2000,100,1,0,0,0,0,162,0,6240,1673,4440,127,132,0,14,138,39,0,13374,0,0.9796,4.1137,0.2826,0.0000
16,2001,100,1,0,0,0,0,162,0,6069,1620,4319,130,120,0,8,135,46,0,12981,0,0.9786,4.1176,0.3407,0.0000
16,2002,100,1,0,0,0,0,160,0,6176,1719,4346,111,142,0,13,123,55,0,13056,0,0.9820,4.1808,0.4472,0.0000
16,2003,100,1,0,0,0,0,162,0,6212,1731,4367,114,164,0,8,98,31,0,13107,0,0.9816,4.1872,0.3163,0.0000
16,2004,100,1,0,0,0,0,162,0,6268,1823,4343,102,149,0,12,129,44,0,13065,0,0.9837,4.2475,0.3411,0.0000
16,2005,100,1,0,0,0,0,162,0,6160,1692,4372,96,145,0,6,141,46,0,13146,0,0.9844,4.1515,0.3262,0.0000
16,2006,100,1,0,0,0,0,162,0,6155,1686,4366,103,130,0,4,135,34,0,13134,0,0.9833,4.1471,0.2519,0.0000
16,2007,100,1,0,0,0,0,162,0,6047,1604,4347,96,129,0,8,105,31,0,13083,0,0.9841,4.0938,0.2952,0.0000
16,2008,100,1,0,0,0,0,162,0,6129,1682,4365,82,140,0,10,129,37,0,13122,0,0.9866,4.1475,0.2868,0.0000
16,2009,100,1,0,0,0,0,162,0,6125,1585,4425,115,122,0,6,131,32,0,13332,0,0.9812,4.0572,0.2443,0.0000
16,2010,100,1,0,0,0,0,163,0,6088,1589,4413,86,114,0,10,77,23,0,13269,0,0.9859,4.0710,0.2987,0.0000
16,2011,100,1,0,0,0,0,162,0,6190,1679,4413,98,125,0,2,89,30,0,13266,0,0.9842,4.1330,0.3371,0.0000
16,2012,100,1,0,0,0,0,162,0,6086,1541,4439,106,118,0,8,102,25,0,13341,0,0.9826,4.0342,0.2451,0.0000
16,2013,100,1,0,0,0,0,162,0,6109,1560,4455,94,124,0,8,94,24,0,13407,0,0.9846,4.0378,0.2553,0.0000
16,2014,100,1,0,0,0,0,162,0,5993,1552,4365,76,137,0,7,68,25,0,13125,0,0.9873,4.0574,0.3676,0.0000
16,2015,100,1,0,0,0,0,162,0,6119,1608,4402,109,153,0,12,89,28,0,13239,0,0.9822,4.0857,0.3146,0.0000
16,2016,100,1,0,0,0,0,162,0,6237,1726,4391,120,149,0,12,125,44,0,13194,0,0.9808,4.1726,0.3520,0.0000
16,2017,100,1,0,0,0,0,162,0,6222,1661,4410,151,128,0,9,137,37,0,13251,0,0.9757,4.1234,0.2701,0.0000
17,2000,100,1,1,0,0,0,162,0,6122,1670,4349,103,129,0,8,162,42,0,13086,0,0.9832,4.1396,0.2593,0.0000
17,2001,100,1,1,0,0,0,162,0,6000,1529,4375,96,118,0,13,135,47,0,13161,0,0.9840,4.0374,0.3481,0.0000
17,2002,100,1,1,0,0,0,162,0,6015,1558,4360,97,102,0,11,133,43,0,13098,0,0.9839,4.0664,0.3233,0.0000
17,2003,100,1,1,0,0,0,162,0,6035,1572,4361,102,130,0,9,109,35,0,13110,0,0.9831,4.0730,0.3211,0.0000
17,2004,100,1,1,0,0,0,162,0,6097,1631,4377,89,124,0,11,112,34,0,13161,0,0.9854,4.1085,0.3036,0.0000
17,2005,100,1,1,0,0,0,162,0,6112,1614,4426,72,128,0,10,104,45,0,13308,0,0.9882,4.0848,0.4327,0.0000
17,2006,100,1,1,0,0,0,162,0,5993,1558,4335,100,143,0,6,102,32,0,13023,0,0.9833,4.0726,0.3137,0.0000
17,2007,100,1,1,0,0,0,162,0,5991,1570,4323,98,129,0,20,113,33,0,12999,0,0.9836,4.0801,0.2920,0.0000
17,2008,100,1,1,0,0,0,161,0,6065,1531,4432,102,130,1,8,118,35,0,13323,0,0.9832,4.0281,0.2966,0.0000
17,2009,100,1,1,0,0,0,161,0,6027,1590,4339,98,140,1,13,120,39,0,13050,0,0.9837,4.0890,0.3250,0.0000
17,2010,100,1,1,0,0,0,162,0,5973,1534,4336,103,134,0,4,78,28,0,13029,0,0.9828,4.0548,0.3590,0.0000
17,2011,100,1,1,0,0,0,162,0,5994,1537,4372,85,132,0,8,108,30,0,13140,0,0.9858,4.0473,0.2778,0.0000
17,2012,100,1,1,0,0,0,162,0,6114,1655,4342,117,151,1,14,97,22,0,13059,0,0.9809,4.1330,0.2268,0.0000
17,2013,100,1,1,0,0,0,162,0,6159,1673,4391,95,137,0,10,94,20,0,13206,0,0.9846,4.1327,0.2128,0.0000
17,2014,100,1,1,0,0,0,162,0,6186,1650,4434,102,136,0,8,96,32,0,13332,0,0.9835,4.1071,0.3333,0.0000
17,2015,100,1,1,0,0,0,162,0,6158,1557,4495,106,145,0,8,82,26,0,13530,0,0.9828,4.0257,0.3171,0.0000
17,2016,100,1,1,0,0,0,162,0,6140,1618,4428,94,131,0,15,144,40,0,13302,0,0.9847,4.0907,0.2778,0.0000
17,2017,100,1,1,0,0,0,162,0,6200,1653,4439,108,129,0,22,128,32,0,13338,0,0.9826,4.1107,0.2500,0.0000
18,2000,100,1,1,0,0,0,162,0,6110,1691,4310,109,137,0,7,148,54,0,12972,0,0.9822,4.1635,0.3649,0.0000
18,2001,100,1,1,0,0,0,162,0,6026,1605,4283,138,131,0,15,154,63,0,12882,0,0.9771,4.1136,0.4091,0.0000
18,2002,100,1,1,0,0,0,162,0,6224,1728,4387,109,161,0,11,166,52,0,13191,0,0.9825,4.1722,0.3133,0.0000
18,2003,100,1,1,0,0,0,162,0,6132,1735,4284,113,168,0,10,141,41,0,12885,0,0.9816,4.2042,0.2908,0.0000
18,2004,100,1,1,0,0,0,162,0,6113,1694,4308,111,127,0,13,148,40,0,12948,0,0.9818,4.1719,0.2703,0.0000
18,2005,100,1,1,0,0,0,162,0,6059,1622,4332,105,122,0,16,123,38,0,13020,0,0.9827,4.1157,0.3089,0.0000
18,2006,100,1,1,0,0,0,162,0,5984,1577,4278,129,143,0,12,132,35,0,12873,0,0.9784,4.0935,0.2652,0.0000
18,2007,100,1,1,0,0,0,162,0,6176,1699,4373,104,168,0,16,143,39,0,13137,0,0.9832,4.1599,0.2727,0.0000
18,2008,100,1,1,0,0,0,162,0,6041,1592,4336,113,139,0,11,142,44,0,13056,0,0.9813,4.0864,0.3099,0.0000
18,2009,100,1,1,0,0,0,162,0,6099,1666,4360,73,162,0,14,134,35,0,13125,0,0.9880,4.1321,0.2612,0.0000
18,2010,100,1,1,0,0,0,162,0,6109,1684,4346,79,141,0,5,96,22,0,13068,0,0.9871,4.1529,0.2292,0.0000
18,2011,100,1,1,0,0,0,162,0,6145,1620,4437,88,133,0,6,102,28,0,13344,0,0.9857,4.0852,0.2745,0.0000
18,2012,100,1,1,0,0,0,162,0,5962,1539,4343,80,113,1,5,94,26,0,13053,0,0.9866,4.0556,0.2766,0.0000
18,2013,100,1,1,0,0,0,162,0,6027,1601,4359,67,131,0,12,81,29,0,13101,0,0.9889,4.0943,0.3580,0.0000
18,2014,100,1,1,0,0,0,162,0,5970,1521,4383,66,140,0,6,79,29,0,13176,0,0.9889,4.0328,0.3671,0.0000
18,2015,100,1,1,0,0,0,162,0,5972,1551,4320,101,121,0,8,87,23,0,12987,0,0.9831,4.0686,0.2644,0.0000
18,2016,100,1,1,0,0,0,162,0,6061,1661,4299,101,164,0,20,146,54,0,12909,0,0.9833,4.1552,0.3699,0.0000
18,2017,100,1,1,0,0,0,162,0,5992,1560,4335,97,122,0,9,132,31,0,13017,0,0.9838,4.0758,0.2348,0.0000
19,2000,100,1,2,0,0,0,162,0,6070,1664,4326,80,137,0,7,150,42,0,13017,0,0.9868,4.1415,0.2800,0.0000
19,2001,100,1,2,0,0,0,162,0,6075,1658,4320,97,147,0,14,140,43,0,13008,0,0.9840,4.1361,0.3071,0.0000
19,2002,100,1,2,0,0,0,162,0,6170,1679,4372,119,163,0,14,121,33,0,13149,0,0.9807,4.1417,0.2727,0.0000
19,2003,100,1,2,0,0,0,162,0,6207,1732,4353,122,167,0,14,108,40,0,13086,0,0.9803,4.1850,0.3704,0.0000
19,2004,100,1,2,0,0,0,162,0,6242,1792,4362,88,186,0,13,94,28,0,13128,0,0.9859,4.2189,0.2979,0.0000
19,2005,100,1,2,0,0,0,162,0,6106,1696,4310,100,162,0,6,116,36,0,12978,0,0.9836,4.1650,0.3103,0.0000
19,2006,100,1,2,0,0,0,162,0,6171,1708,4357,106,142,1,7,120,29,0,13098,0,0.9828,4.1674,0.2417,0.0000
19,2007,100,1,2,0,0,0,162,0,6180,1695,4405,80,160,0,8,118,38,0,13239,0,0.9871,4.1468,0.3220,0.0000
19,2008,100,1,2,0,0,0,162,0,6127,1651,4386,90,149,0,9,154,47,0,13197,0,0.9853,4.1171,0.3052,0.0000
19,2009,100,1,2,0,0,0,162,0,6173,1702,4368,103,136,0,8,129,43,0,13134,0,0.9833,4.1594,0.3333,0.0000
19,2010,100,1,2,0,0,0,162,0,6049,1653,4322,74,140,0,4,88,30,0,12984,0,0.9878,4.1416,0.3409,0.0000
19,2011,100,1,2,0,0,0,162,0,6053,1650,4317,86,144,0,6,101,28,0,12981,0,0.9858,4.1370,0.2772,0.0000
19,2012,100,1,2,0,0,0,162,0,6050,1605,4327,118,158,0,12,110,32,0,13002,0,0.9805,4.1061,0.2909,0.0000
19,2013,100,1,2,0,0,0,162,0,6089,1627,4361,101,177,0,11,91,23,0,13116,0,0.9834,4.1089,0.2527,0.0000
19,2014,100,1,2,0,0,0,162,0,6087,1642,4330,115,144,1,8,88,17,0,13029,0,0.9811,4.1253,0.1932,0.0000
19,2015,100,1,2,0,0,0,162,0,6088,1641,4350,97,147,0,7,77,22,0,13080,0,0.9841,4.1222,0.2857,0.0000
19,2016,100,1,2,0,0,0,162,0,6177,1728,4361,88,139,0,14,116,34,0,13104,0,0.9858,4.1820,0.2931,0.0000
19,2017,100,1,2,0,0,0,162,0,6102,1665,4375,62,121,0,17,128,35,0,13140,0,0.9898,4.1370,0.2734,0.0000
20,2000,100,1,0,0,0,0,161,0,6059,1624,4333,102,109,0,8,139,58,0,13035,0,0.9832,4.1130,0.4173,0.0000
20,2001,100,1,0,0,0,0,162,0,6062,1577,4392,93,124,0,13,158,56,0,13215,0,0.9847,4.0652,0.3544,0.0000
20,2002,100,1,0,0,0,0,162,0,6110,1700,4320,90,141,0,13,131,53,0,12972,0,0.9853,4.1767,0.4046,0.0000
20,2003,100,1,0,0,0,0,162,0,6088,1670,4341,77,135,0,3,72,25,0,13038,0,0.9874,4.1493,0.3472,0.0000
20,2004,100,1,0,0,0,0,162,0,6015,1590,4347,78,113,0,9,108,33,0,13074,0,0.9870,4.0870,0.3056,0.0000
20,2005,100,1,0,0,0,0,162,0,6264,1707,4462,95,120,0,8,134,46,0,13422,0,0.9848,4.1366,0.3433,0.0000
20,2006,100,1,0,0,0,0,163,0,6215,1694,4402,119,146,0,9,146,37,0,13236,0,0.9809,4.1451,0.2534,0.0000
20,2007,100,1,0,0,0,0,162,0,6111,1634,4366,111,137,1,5,117,36,0,13131,0,0.9818,4.1124,0.3077,0.0000
20,2008,100,1,0,0,0,0,161,0,6155,1633,4383,139,143,0,14,165,46,0,13176,0,0.9774,4.1093,0.2788,0.0000
20,2009,100,1,0,0,0,0,162,0,6137,1631,4394,112,149,0,10,153,48,0,13215,0,0.9818,4.1033,0.3137,0.0000
20,2010,100,1,0,0,0,0,162,0,6039,1605,4317,117,149,0,8,125,28,0,12987,0,0.9806,4.1040,0.2240,0.0000
20,2011,100,1,0,0,0,0,162,0,6047,1607,4349,91,135,0,6,125,34,0,13098,0,0.9850,4.0925,0.2720,0.0000
20,2012,100,1,0,0,0,0,163,0,6131,1648,4366,117,134,0,12,92,34,0,13137,0,0.9809,4.1201,0.3696,0.0000
20,2013,100,1,0,0,0,0,162,0,5971,1588,4278,105,144,0,8,123,29,0,12873,0,0.9824,4.1011,0.2358,0.0000
20,2014,100,1,0,0,0,0,162,0,6158,1675,4398,85,138,0,7,102,26,0,13215,0,0.9862,4.1360,0.2549,0.0000
20,2015,100,1,0,0,0,0,162,0,6131,1635,4420,76,143,0,5,60,18,0,13290,0,0.9876,4.1005,0.3000,0.0000
20,2016,100,1,0,0,0,0,162,0,6100,1637,4392,71,134,0,12,114,39,0,13191,0,0.9884,4.1135,0.3421,0.0000
20,2017,100,1,0,0,0,0,162,0,6017,1480,4465,72,96,0,15,100,28,0,13407,0,0.9880,3.9908,0.2800,0.0000
21,2000,100,1,1,0,0,0,162,0,6100,1683,4295,122,148,0,16,131,43,0,12912,0,0.9800,4.1668,0.3282,0.0000
21,2001,100,1,1,0,0,0,162,0,6120,1623,4419,78,143,0,10,122,34,0,13284,0,0.9873,4.0935,0.2787,0.0000
21,2002,100,1,1,0,0,0,162,0,6026,1585,4365,76,130,0,17,96,34,0,13122,0,0.9874,4.0809,0.3542,0.0000
21,2003,100,1,1,0,0,0,162,0,6133,1683,4346,104,135,0,5,102,31,0,13062,0,0.9830,4.1541,0.3039,0.0000
21,2004,100,1,1,0,0,0,162,0,6190,1646,4428,116,143,0,8,124,41,0,13338,0,0.9813,4.0985,0.3306,0.0000
21,2005,100,1,1,0,0,0,162,0,6219,1704,4403,112,145,0,11,141,43,0,13251,0,0.9820,4.1478,0.3050,0.0000
21,2006,100,1,1,0,0,0,162,0,6163,1682,4376,105,137,0,9,136,38,0,13164,0,0.9830,4.1418,0.2794,0.0000
21,2007,100,1,1,0,0,0,162,0,6103,1677,4328,98,160,0,19,147,42,0,13014,0,0.9839,4.1528,0.2857,0.0000
21,2008,100,1,1,0,0,0,161,0,6012,1635,4276,101,147,0,7,153,43,0,12867,0,0.9832,4.1345,0.2810,0.0000
21,2009,100,1,1,0,0,0,162,0,6151,1700,4358,93,132,0,15,122,41,0,13116,0,0.9849,4.1569,0.3361,0.0000
21,2010,100,1,1,0,0,0,162,0,6083,1647,4348,88,121,0,12,94,24,0,13080,0,0.9855,4.1250,0.2553,0.0000
21,2011,100,1,1,0,0,0,162,0,5979,1598,4271,110,137,0,8,110,26,0,12843,0,0.9816,4.1128,0.2364,0.0000
21,2012,100,1,1,0,0,0,162,0,6012,1597,4317,98,135,0,11,112,33,0,12993,0,0.9837,4.0965,0.2946,0.0000
21,2013,100,0,2,0,0,0,162,0,5959,1524,4353,82,130,0,18,95,23,0,13068,0,0.9862,4.0475,0.2421,0.0000
21,2014,100,0,2,0,0,0,162,0,5999,1547,4338,114,140,0,9,87,25,0,13017,0,0.9810,4.0689,0.2874,0.0000
21,2015,100,0,2,0,0,0,162,0,5973,1491,4387,95,126,0,10,60,22,0,13164,0,0.9841,4.0187,0.3667,0.0000
21,2016,100,0,2,0,0,0,162,0,6021,1592,4354,75,139,0,11,93,38,0,13062,0,0.9875,4.0969,0.4086,0.0000
21,2017,100,0,2,0,0,0,162,0,5956,1523,4354,79,120,1,16,87,20,0,13062,0,0.9867,4.0494,0.2299,0.0000
22,2000,100,1,2,0,0,0,162,0,5967,1548,4298,121,135,0,5,143,54,0,12933,0,0.9797,4.0682,0.3776,0.0000
22,2001,100,1,2,0,0,0,162,0,6027,1612,4317,98,147,1,12,146,55,0,12984,0,0.9837,4.1098,0.3767,0.0000
22,2002,100,1,2,0,0,0,162,0,6131,1634,4407,90,154,0,11,85,33,0,13254,0,0.9853,4.1021,0.3882,0.0000
22,2003,100,1,2,0,0,0,162,0,6103,1702,4319,82,140,0,5,99,35,0,13014,0,0.9866,4.1639,0.3535,0.0000
22,2004,100,1,2,0,0,0,162,0,6082,1619,4391,72,122,0,8,61,13,0,13197,0,0.9882,4.0987,0.2131,0.0000
22,2005,100,1,2,0,0,0,162,0,6222,1782,4321,119,161,0,6,127,37,0,13005,0,0.9809,4.2235,0.2913,0.0000
22,2006,100,1,2,0,0,0,162,0,6206,1672,4428,106,145,0,7,92,29,0,13311,0,0.9829,4.1244,0.3152,0.0000
22,2007,100,1,2,0,0,0,162,0,6146,1636,4400,110,145,0,7,116,22,0,13215,0,0.9821,4.1108,0.1897,0.0000
22,2008,100,1,2,0,0,0,162,0,6124,1644,4393,87,129,0,6,110,38,0,13209,0,0.9858,4.1133,0.3455,0.0000
22,2009,100,1,2,0,0,0,162,0,6006,1529,4379,98,128,0,9,100,27,0,13164,0,0.9837,4.0392,0.2700,0.0000
22,2010,100,1,2,0,0,0,162,0,6091,1632,4360,99,140,0,6,99,31,0,13122,0,0.9837,4.1097,0.3131,0.0000
22,2011,100,1,2,0,0,0,161,0,5950,1560,4290,100,114,0,10,116,32,0,12894,0,0.9832,4.0833,0.2759,0.0000
22,2012,100,1,2,0,0,0,164,0,6196,1605,4482,109,132,1,6,97,29,0,13494,0,0.9824,4.0598,0.2990,0.0000
22,2013,100,1,2,0,0,0,162,0,6087,1634,4380,73,151,0,6,68,15,0,13164,0,0.9880,4.1117,0.2206,0.0000
22,2014,100,1,2,0,0,0,162,0,6024,1544,4399,81,130,0,5,71,24,0,13218,0,0.9866,4.0465,0.3380,0.0000
22,2015,100,1,2,0,0,0,162,0,5940,1496,4349,95,129,0,12,76,23,0,13062,0,0.9840,4.0273,0.3026,0.0000
22,2016,100,1,2,0,0,0,162,0,6076,1605,4385,86,97,0,13,109,31,0,13179,0,0.9858,4.0906,0.2844,0.0000
22,2017,100,1,2,0,0,0,162,0,6008,1546,4367,95,113,0,15,115,39,0,13113,0,0.9842,4.0583,0.3391,0.0000
23,2000,100,1,1,0,0,0,162,0,6184,1691,4394,99,140,0,6,164,56,0,13212,0,0.9840,4.1451,0.3415,0.0000
23,2001,100,1,1,0,0,0,162,0,6157,1717,4351,89,152,1,16,138,44,0,13086,0,0.9855,4.1733,0.3188,0.0000
23,2002,100,1,1,0,0,0,162,0,6189,1734,4353,102,163,0,16,160,54,0,13113,0,0.9835,4.1778,0.3375,0.0000
23,2003,100,1,1,0,0,0,162,0,6126,1696,4323,107,114,0,6,157,41,0,13011,0,0.9825,4.1635,0.2611,0.0000
23,2004,100,1,1,0,0,0,161,0,6062,1663,4305,94,142,0,6,116,44,0,12945,0,0.9845,4.1492,0.3793,0.0000
23,2005,100,1,1,0,0,0,162,0,5978,1565,4317,96,94,0,7,114,33,0,12999,0,0.9839,4.0725,0.2895,0.0000
23,2006,100,1,1,0,0,0,162,0,6098,1670,4325,103,164,0,9,123,38,0,13026,0,0.9831,4.1421,0.3089,0.0000
23,2007,100,1,1,0,0,0,162,0,5978,1545,4319,114,120,0,13,112,39,0,12990,0,0.9809,4.0628,0.3482,0.0000
23,2008,100,1,1,0,0,0,162,0,6072,1630,4352,90,145,0,9,118,38,0,13083,0,0.9852,4.1151,0.3220,0.0000
23,2009,100,1,1,0,0,0,162,0,6171,1668,4387,116,129,0,4,158,49,0,13188,0,0.9812,4.1322,0.3101,0.0000
23,2010,100,1,1,0,0,0,162,0,6126,1691,4345,90,141,0,11,102,22,0,13068,0,0.9853,4.1570,0.2157,0.0000
23,2011,100,1,1,0,0,0,162,0,6026,1575,4348,103,132,0,6,108,42,0,13053,0,0.9829,4.0839,0.3889,0.0000
23,2012,100,1,1,0,0,0,162,0,5959,1509,4351,99,126,0,8,115,26,0,13101,0,0.9834,4.0256,0.2261,0.0000
23,2013,100,1,1,0,0,0,162,0,6122,1645,4366,111,130,0,6,89,32,0,13122,0,0.9819,4.1228,0.3596,0.0000
23,2014,100,1,1,0,0,0,162,0,5954,1505,4364,85,115,0,4,79,19,0,13128,0,0.9857,4.0235,0.2405,0.0000
23,2015,100,1,1,0,0,0,162,0,5966,1582,4289,95,145,0,9,80,21,0,12915,0,0.9841,4.0913,0.2625,0.0000
23,2016,100,1,1,0,0,0,162,0,6177,1717,4338,122,154,0,15,106,30,0,13029,0,0.9802,4.1826,0.2830,0.0000
23,2017,100,1,1,0,0,0,162,0,6085,1670,4303,112,138,0,20,124,37,0,12930,0,0.9816,4.1575,0.2984,0.0000
24,2000,100,1,0,0,0,0,162,0,6207,1728,4361,118,135,1,9,154,46,0,13110,0,0.9810,4.1801,0.2987,0.0000
24,2001,100,1,0,0,0,0,162,0,5970,1583,4282,105,132,0,19,143,48,0,12891,0,0.9824,4.0947,0.3357,0.0000
24,2002,100,1,0,0,0,0,162,0,6130,1647,4377,106,138,0,8,147,47,0,13164,0,0.9827,4.1185,0.3197,0.0000
24,2003,100,1,0,0,0,0,162,0,6096,1677,4316,103,146,0,7,96,26,0,13005,0,0.9831,4.1474,0.2708,0.0000
24,2004,100,1,0,0,0,0,162,0,6089,1681,4324,84,165,0,5,110,33,0,13005,0,0.9862,4.1557,0.3000,0.0000
24,2005,100,1,0,0,0,0,162,0,6195,1732,4367,96,137,0,3,119,38,0,13125,0,0.9845,4.1822,0.3193,0.0000
24,2006,100,1,0,0,0,0,162,0,6222,1753,4348,121,137,0,8,152,42,0,13074,0,0.9806,4.1999,0.2763,0.0000
24,2007,100,1,0,0,0,0,162,0,6168,1662,4383,123,145,0,15,142,33,0,13185,0,0.9801,4.1263,0.2324,0.0000
24,2008,100,1,0,0,0,0,161,0,6006,1618,4293,95,146,0,9,161,36,0,12918,0,0.9842,4.1182,0.2236,0.0000
24,2009,100,1,0,0,0,0,162,0,6147,1717,4317,113,140,0,10,155,43,0,12981,0,0.9816,4.1835,0.2774,0.0000
24,2010,100,1,0,0,0,0,162,0,6136,1700,4322,114,158,0,9,90,24,0,12999,0,0.9814,4.1694,0.2667,0.0000
24,2011,100,1,0,0,0,0,161,0,6261,1761,4390,110,140,0,3,108,30,0,13209,0,0.9824,4.1910,0.2778,0.0000
24,2012,100,1,0,0,0,0,162,0,6138,1638,4390,110,120,0,13,74,24,0,13182,0,0.9821,4.1156,0.3243,0.0000
24,2013,100,1,0,0,0,0,162,0,5972,1508,4369,95,121,0,9,70,11,0,13122,0,0.9841,4.0309,0.1571,0.0000
24,2014,100,1,0,0,0,0,162,0,6071,1544,4445,82,130,0,11,87,16,0,13350,0,0.9865,4.0375,0.1839,0.0000
24,2015,100,1,0,0,0,0,162,0,6158,1568,4490,100,127,0,6,70,21,0,13485,0,0.9838,4.0432,0.3000,0.0000
24,2016,100,1,0,0,0,0,162,0,5950,1563,4305,82,127,0,17,97,28,0,12939,0,0.9862,4.0816,0.2887,0.0000
24,2017,100,1,0,0,0,0,162,0,5984,1553,4338,93,106,0,8,86,21,0,13017,0,0.9845,4.0731,0.2442,0.0000
25,2000,100,1,0,0,0,0,162,0,6217,1724,4408,85,124,0,6,103,39,0,13242,0,0.9863,4.1676,0.3786,0.0000
25,2001,100,1,0,0,0,0,162,0,6110,1614,4391,105,116,0,18,154,56,0,13188,0,0.9828,4.0980,0.3636,0.0000
25,2002,100,1,0,0,0,0,161,0,6063,1673,4298,92,128,0,7,111,35,0,12936,0,0.9848,4.1542,0.3153,0.0000
25,2003,100,1,0,0,0,0,161,0,6125,1764,4251,110,165,0,12,126,41,0,12780,0,0.9820,4.2359,0.3254,0.0000
25,2004,100,1,0,0,0,0,162,0,6204,1700,4382,122,137,0,11,101,43,0,13170,0,0.9803,4.1563,0.4257,0.0000
25,2005,100,1,0,0,0,0,162,0,6170,1687,4380,103,146,0,8,92,22,0,13170,0,0.9833,4.1460,0.2391,0.0000
25,2006,100,1,0,0,0,0,162,0,6171,1670,4404,97,132,0,8,123,41,0,13248,0,0.9843,4.1264,0.3333,0.0000
25,2007,100,1,0,0,0,0,162,0,6059,1578,4375,106,139,0,17,125,32,0,13155,0,0.9825,4.0727,0.2560,0.0000
25,2008,100,1,0,0,0,0,162,0,5980,1551,4322,107,123,0,6,133,24,0,13002,0,0.9821,4.0653,0.1805,0.0000
25,2009,100,1,0,0,0,0,162,0,6078,1658,4307,113,142,0,7,126,32,0,12960,0,0.9814,4.1424,0.2540,0.0000
25,2010,100,1,0,0,0,0,162,0,6108,1624,4374,110,159,0,8,73,20,0,13146,0,0.9820,4.1063,0.2740,0.0000
25,2011,100,1,0,0,0,0,162,0,6046,1614,4345,87,144,0,4,101,22,0,13071,0,0.9856,4.1031,0.2178,0.0000
25,2012,100,1,0,0,0,0,162,0,6041,1559,4384,98,138,0,4,77,18,0,13170,0,0.9838,4.0613,0.2338,0.0000
25,2013,100,1,0,0,0,0,162,0,6125,1606,4439,80,122,0,16,94,28,0,13350,0,0.9869,4.0753,0.2979,0.0000
25,2014,100,1,0,0,0,0,162,0,6230,1684,4442,104,153,0,6,88,23,0,13359,0,0.9833,4.1271,0.2614,0.0000
25,2015,100,1,0,0,0,0,162,0,6133,1590,4432,111,114,1,3,93,16,0,13326,0,0.9819,4.0671,0.1720,0.0000
25,2016,100,1,0,0,0,0,162,0,6180,1687,4395,98,124,0,14,148,49,0,13221,0,0.9841,4.1402,0.3311,0.0000
25,2017,100,1,0,0,0,0,162,0,6178,1611,4437,130,129,0,18,105,27,0,13332,0,0.9790,4.0828,0.2571,0.0000
26,2000,100,1,0,0,0,0,162,0,6084,1654,4326,104,121,1,9,134,44,0,13020,0,0.9829,4.1336,0.3284,0.0000
26,2001,100,1,0,0,0,0,162,0,6028,1600,4340,88,128,0,14,144,48,0,13044,0,0.9854,4.0984,0.3333,0.0000
26,2002,100,1,0,0,0,0,161,0,6130,1711,4335,84,142,0,14,106,31,0,13026,0,0.9863,4.1773,0.2925,0.0000
26,2003,100,1,0,0,0,0,162,0,6184,1707,4389,88,136,1,5,96,28,0,13185,0,0.9858,4.1611,0.2917,0.0000
26,2004,100,1,0,0,0,0,162,0,6123,1636,4388,99,141,0,4,118,38,0,13188,0,0.9838,4.1110,0.3220,0.0000
26,2005,100,1,0,0,0,0,162,0,6084,1646,4344,94,128,0,4,114,30,0,13068,0,0.9845,4.1253,0.2632,0.0000
26,2006,100,1,0,0,0,0,163,0,6244,1681,4473,90,129,0,5,134,50,0,13458,0,0.9856,4.1155,0.3731,0.0000
26,2007,100,1,0,0,0,0,162,0,6082,1662,4335,85,129,1,19,115,37,0,13038,0,0.9860,4.1397,0.3217,0.0000
26,2008,100,1,0,0,0,0,162,0,6153,1688,4386,79,155,0,14,130,42,0,13185,0,0.9872,4.1461,0.3231,0.0000
26,2009,100,1,0,0,0,0,162,0,6252,1765,4413,74,147,0,9,102,38,0,13257,0,0.9882,4.1942,0.3725,0.0000
26,2010,100,1,0,0,0,0,163,0,6106,1648,4389,69,134,0,7,88,24,0,13221,0,0.9887,4.1096,0.2727,0.0000
26,2011,100,1,0,0,0,0,162,0,6052,1542,4439,71,107,0,6,101,29,0,13341,0,0.9883,4.0349,0.2871,0.0000
26,2012,100,1,0,0,0,0,162,0,6018,1528,4397,93,130,0,10,98,35,0,13221,0,0.9845,4.0334,0.3571,0.0000
26,2013,100,1,0,0,0,0,162,0,6011,1576,4344,91,129,0,16,85,23,0,13056,0,0.9849,4.0809,0.2706,0.0000
26,2014,100,1,0,0,0,0,162,0,6214,1674,4435,105,153,0,9,92,25,0,13335,0,0.9831,4.1231,0.2717,0.0000
26,2015,100,1,0,0,0,0,162,0,6040,1614,4324,102,142,0,10,81,19,0,13011,0,0.9831,4.1074,0.2346,0.0000
26,2016,100,1,0,0,0,0,162,0,6143,1656,4392,95,141,0,4,91,18,0,13179,0,0.9845,4.1302,0.1978,0.0000
26,2017,100,1,0,0,0,0,162,0,6044,1601,4362,81,113,0,11,114,30,0,13098,0,0.9866,4.0973,0.2632,0.0000
27,2000,100,1,1,0,0,0,162,0,6204,1697,4389,118,132,0,11,135,41,0,13194,0,0.9810,4.1514,0.3037,0.0000
27,2001,100,1,1,0,0,0,162,0,6155,1773,4275,107,164,0,11,141,47,0,12873,0,0.9826,4.2284,0.3333,0.0000
27,2002,100,1,1,0,0,0,161,0,6223,1800,4304,119,181,1,14,113,46,0,12942,0,0.9809,4.2448,0.4071,0.0000
27,2003,100,1,1,0,0,0,162,0,6112,1724,4303,85,143,0,12,115,35,0,12948,0,0.9861,4.1893,0.3043,0.0000
27,2004,100,1,1,0,0,0,161,0,6101,1692,4311,98,161,0,12,119,53,0,12975,0,0.9839,4.1639,0.4454,0.0000
27,2005,100,1,1,0,0,0,162,0,6236,1763,4363,110,156,0,9,111,32,0,13134,0,0.9824,4.1978,0.2883,0.0000
27,2006,100,1,1,0,0,0,162,0,6059,1633,4326,100,125,0,5,131,45,0,13014,0,0.9835,4.1210,0.3435,0.0000
27,2007,100,1,1,0,0,0,162,0,6142,1665,4377,100,138,0,13,123,29,0,13158,0,0.9837,4.1327,0.2358,0.0000
27,2008,100,1,1,0,0,0,162,0,6162,1714,4368,80,144,0,11,131,44,0,13128,0,0.9870,4.1696,0.3359,0.0000
27,2009,100,1,1,0,0,0,161,0,6146,1665,4393,88,132,0,9,109,32,0,13203,0,0.9857,4.1295,0.2936,0.0000
27,2010,100,1,1,0,0,0,162,0,6233,1757,4375,101,148,1,13,99,19,0,13170,0,0.9838,4.1904,0.1919,0.0000
27,2011,100,1,1,0,0,0,162,0,6088,1654,4319,115,147,1,9,99,22,0,12975,0,0.9811,4.1431,0.2222,0.0000
27,2012,100,1,1,0,0,0,162,0,6097,1630,4374,93,133,0,11,95,30,0,13146,0,0.9847,4.1105,0.3158,0.0000
27,2013,100,1,1,0,0,0,162,0,6135,1601,4422,112,126,0,5,91,28,0,13296,0,0.9817,4.0769,0.3077,0.0000
27,2014,100,1,1,0,0,0,162,0,6033,1566,4386,81,134,0,8,85,17,0,13212,0,0.9866,4.0545,0.2000,0.0000
27,2015,100,1,1,0,0,0,162,0,6038,1585,4351,102,116,0,6,80,23,0,13077,0,0.9831,4.0853,0.2875,0.0000
27,2016,100,1,1,0,0,0,162,0,6254,1760,4397,97,153,1,18,113,34,0,13200,0,0.9845,4.1980,0.3009,0.0000
27,2017,100,1,1,0,0,0,162,0,6053,1658,4316,79,124,0,11,147,48,0,12972,0,0.9869,4.1448,0.3265,0.0000
28,2000,100,1,2,0,0,0,162,0,6043,1600,4288,155,112,0,8,145,45,0,12897,0,0.9744,4.1089,0.3103,0.0000
28,2001,100,1,2,0,0,0,162,0,6041,1643,4289,109,122,0,11,119,48,0,12909,0,0.9820,4.1357,0.4034,0.0000
28,2002,100,1,2,0,0,0,162,0,5988,1589,4269,130,128,0,8,145,52,0,12840,0,0.9783,4.1061,0.3586,0.0000
28,2003,100,1,2,0,0,0,162,0,6103,1660,4337,106,136,0,13,126,46,0,13041,0,0.9826,4.1387,0.3651,0.0000
28,2004,100,1,2,0,0,0,162,0,6195,1721,4364,110,135,0,6,138,50,0,13116,0,0.9822,4.1754,0.3623,0.0000
28,2005,100,1,2,0,0,0,162,0,6229,1735,4394,100,149,0,15,121,43,0,13212,0,0.9839,4.1751,0.3554,0.0000
28,2006,100,1,2,0,0,0,162,0,6059,1600,4379,80,121,0,10,130,34,0,13170,0,0.9868,4.0859,0.2615,0.0000
28,2007,100,1,2,0,0,0,162,0,6066,1655,4311,100,127,1,11,119,30,0,12957,0,0.9835,4.1440,0.2521,0.0000
28,2008,100,1,2,0,0,0,162,0,6082,1664,4333,85,125,0,8,136,44,0,13014,0,0.9860,4.1473,0.3235,0.0000
28,2009,100,1,2,0,0,0,162,0,6122,1626,4392,104,126,0,12,130,37,0,13194,0,0.9830,4.1050,0.2846,0.0000
28,2010,100,1,2,0,0,0,162,0,6030,1614,4330,86,139,0,8,96,27,0,13035,0,0.9857,4.1040,0.2813,0.0000
28,2011,100,1,2,0,0,0,162,0,6090,1634,4373,83,136,0,8,114,34,0,13137,0,0.9864,4.1153,0.2982,0.0000
28,2012,100,1,2,0,0,0,162,0,6174,1725,4361,88,159,0,9,109,34,0,13122,0,0.9857,4.1742,0.3119,0.0000
28,2013,100,1,2,0,0,0,162,0,6028,1585,4357,86,127,0,7,73,19,0,13107,0,0.9857,4.0801,0.2603,0.0000
28,2014,100,1,2,0,0,0,162,0,6091,1545,4445,101,125,0,7,100,23,0,13374,0,0.9834,4.0310,0.2300,0.0000
28,2015,100,1,2,0,0,0,162,0,6015,1518,4391,106,127,0,10,85,31,0,13197,0,0.9824,4.0298,0.3647,0.0000
28,2016,100,1,2,0,0,0,162,0,6104,1677,4345,82,137,0,9,112,38,0,13047,0,0.9866,4.1541,0.3393,0.0000
28,2017,100,1,2,0,0,0,162,0,5987,1608,4279,100,117,0,14,154,27,0,12858,0,0.9833,4.1206,0.1753,0.0000
29,2000,100,1,2,0,0,0,162,0,6259,1781,4383,95,149,0,7,153,54,0,13173,0,0.9848,4.2113,0.3529,0.0000
29,2001,100,1,2,0,0,0,162,0,6216,1701,4377,138,128,0,14,133,48,0,13158,0,0.9778,4.1573,0.3609,0.0000
29,2002,100,1,2,0,0,0,161,0,6161,1686,4383,92,128,0,9,148,52,0,13185,0,0.9851,4.1427,0.3514,0.0000
29,2003,100,1,2,0,0,0,161,0,6162,1690,4381,91,148,1,10,135,47,0,13197,0,0.9852,4.1403,0.3481,0.0000
29,2004,100,1,2,0,0,0,162,0,6041,1640,4316,85,146,0,12,86,29,0,12984,0,0.9859,4.1285,0.3372,0.0000
29,2005,100,1,2,0,0,0,162,0,6168,1769,4305,94,140,0,10,128,42,0,12939,0,0.9848,4.2249,0.3281,0.0000
29,2006,100,1,2,0,0,0,161,0,6139,1708,4324,107,142,1,7,160,57,0,13014,0,0.9826,4.1715,0.3563,0.0000
29,2007,100,1,2,0,0,0,162,0,6057,1657,4326,74,147,1,17,161,44,0,13002,0,0.9878,4.1414,0.2733,0.0000
29,2008,100,1,2,0,0,0,162,0,5927,1481,4354,92,113,0,9,152,44,0,13092,0,0.9845,4.0112,0.2895,0.0000
29,2009,100,1,2,0,0,0,162,0,6037,1558,4386,93,122,0,11,146,45,0,13194,0,0.9846,4.0546,0.3082,0.0000
29,2010,100,1,2,0,0,0,162,0,6019,1558,4391,70,128,0,9,94,17,0,13206,0,0.9884,4.0543,0.1809,0.0000
29,2011,100,1,2,0,0,0,162,0,6149,1620,4436,93,130,0,4,117,33,0,13332,0,0.9849,4.0882,0.2821,0.0000
29,2012,100,1,2,0,0,0,163,0,6154,1622,4412,120,132,0,11,108,27,0,13278,0,0.9805,4.0899,0.2500,0.0000
29,2013,100,1,2,0,0,0,162,0,6194,1662,4436,96,134,0,9,92,24,0,13335,0,0.9845,4.1156,0.2609,0.0000
29,2014,100,1,2,0,0,0,162,0,6184,1675,4403,106,142,0,10,84,19,0,13245,0,0.9829,4.1300,0.2262,0.0000
29,2015,100,1,2,0,0,0,162,0,6055,1665,4299,91,139,0,8,74,19,0,12918,0,0.9850,4.1551,0.2568,0.0000
29,2016,100,1,2,0,0,0,162,0,6084,1561,4426,97,124,0,6,94,35,0,13287,0,0.9841,4.0553,0.3723,0.0000
29,2017,100,1,2,0,0,0,162,0,6033,1503,4448,82,112,0,11,106,24,0,13356,0,0.9864,4.0101,0.2264,0.0000
30,2000,100,1,1,0,0,0,162,0,6023,1595,4319,109,133,0,4,103,31,0,12999,0,0.9819,4.0946,0.3010,0.0000
30,2001,100,1,1,0,0,0,162,0,6064,1654,4321,89,149,0,18,92,40,0,12981,0,0.9853,4.1426,0.4348,0.0000
30,2002,100,1,1,0,0,0,162,0,6210,1744,4355,111,142,0,13,127,49,0,13107,0,0.9821,4.1879,0.3858,0.0000
30,2003,100,1,1,0,0,0,162,0,6134,1695,4338,101,131,0,9,93,29,0,13038,0,0.9835,4.1645,0.3118,0.0000
30,2004,100,1,1,0,0,0,162,0,6163,1651,4421,91,141,0,4,67,22,0,13290,0,0.9852,4.1120,0.3284,0.0000
30,2005,100,1,1,0,0,0,162,0,6197,1697,4407,93,136,0,11,125,50,0,13248,0,0.9850,4.1467,0.4000,0.0000
30,2006,100,1,1,0,0,0,161,0,6028,1636,4298,94,135,0,11,142,35,0,12918,0,0.9844,4.1342,0.2465,0.0000
30,2007,100,1,1,0,0,0,162,0,6118,1689,4342,87,147,0,16,124,29,0,13071,0,0.9858,4.1526,0.2339,0.0000
30,2008,100,1,1,0,0,0,162,0,6051,1632,4328,91,139,0,7,115,27,0,12999,0,0.9850,4.1265,0.2348,0.0000
30,2009,100,1,1,0,0,0,162,0,6087,1650,4342,95,129,0,6,78,23,0,13071,0,0.9844,4.1258,0.2949,0.0000
30,2010,100,1,1,0,0,0,162,0,6147,1662,4383,102,137,0,11,65,10,0,13191,0,0.9834,4.1244,0.1538,0.0000
30,2011,100,1,1,0,0,0,162,0,6243,1706,4429,108,136,0,3,78,25,0,13299,0,0.9827,4.1518,0.3205,0.0000
30,2012,100,1,1,0,0,0,162,0,5995,1558,4360,77,127,0,7,69,20,0,13116,0,0.9872,4.0608,0.2899,0.0000
30,2013,100,1,1,0,0,0,162,0,6016,1575,4359,82,132,0,10,53,16,0,13107,0,0.9864,4.0746,0.3019,0.0000
30,2014,100,1,1,0,0,0,162,0,6015,1549,4398,68,141,0,2,51,17,0,13221,0,0.9887,4.0483,0.3333,0.0000
30,2015,100,1,1,0,0,0,162,0,6236,1632,4502,102,149,0,12,76,20,0,13530,0,0.9836,4.0803,0.2632,0.0000
30,2016,100,1,1,0,0,0,162,0,6111,1655,4378,78,139,0,10,117,37,0,13152,0,0.9872,4.1284,0.3162,0.0000
30,2017,100,1,1,0,0,0,162,0,6127,1673,4361,93,113,0,8,123,41,0,13104,0,0.9848,4.1442,0.3333,0.0000
