team_id,year,league_id,sub_league_id,division_id,level_id,split_id,pa,ab,h,k,tb,s,d,t,hr,sb,cs,rbi,r,bb,ibb,hp,sh,sf,ci,gdp,g,gs,ebh,pitches_seen,avg,obp,slg,rc,rc27,iso,woba,ops,sbp,ws
1,2000,100,0,2,1,0,6195,5592,1461,1053,2329,955,303,44,159,47,32,709,727,480,29,53,30,39,1,130,162,1458,506,0,0.2613,0.3235,0.4165,745.4471,4.6142,0.1552,0.0000,0.7400,59.4937,0.0000
1,2001,100,0,2,1,0,6295,5702,1549,927,2455,1021,324,30,174,76,37,750,787,443,45,72,33,45,0,126,162,1458,528,0,0.2717,0.3296,0.4306,802.4606,4.9309,0.1589,0.0000,0.7602,67.2566,0.0000
1,2002,100,0,2,1,0,6262,5642,1580,806,2445,1056,341,25,158,83,63,819,846,463,43,78,22,55,2,122,162,1458,524,0,0.2800,0.3400,0.4334,821.9279,5.1323,0.1533,0.0000,0.7734,56.8493,0.0000
1,2003,100,0,2,1,0,6262,5737,1551,845,2414,1021,345,37,148,95,37,738,753,360,40,79,36,49,1,116,162,1458,530,0,0.2704,0.3197,0.4208,766.1766,4.6760,0.1504,0.0000,0.7405,71.9697,0.0000
1,2004,100,0,2,1,0,6392,5780,1628,868,2482,1138,292,32,166,94,40,802,828,451,38,77,35,49,0,153,162,1458,490,0,0.2817,0.3392,0.4294,829.7790,5.0585,0.1478,0.0000,0.7686,70.1493,0.0000
1,2005,100,0,2,1,0,6138,5647,1556,796,2371,1088,277,35,156,147,57,754,779,382,52,45,20,43,1,125,162,1458,468,0,0.2755,0.3242,0.4199,756.4670,4.7105,0.1443,0.0000,0.7440,72.0588,0.0000
1,2006,100,0,2,1,0,6219,5714,1510,915,2266,1055,289,31,135,99,37,677,702,412,43,41,17,35,0,129,162,1458,455,0,0.2643,0.3165,0.3966,708.2590,4.3245,0.1323,0.0000,0.7131,72.7941,0.0000
1,2007,100,0,2,1,0,6375,5757,1682,859,2437,1213,313,26,130,129,48,810,845,489,37,43,27,59,0,154,162,1458,469,0,0.2922,0.3488,0.4233,845.0400,5.2294,0.1311,0.0000,0.7721,72.8814,0.0000
1,2008,100,0,2,1,0,6386,5778,1598,1020,2471,1069,346,22,161,91,42,787,810,490,39,54,19,42,3,123,163,1467,529,0,0.2766,0.3366,0.4277,830.4887,5.0892,0.1511,0.0000,0.7642,68.4211,0.0000
1,2009,100,0,2,1,0,6315,5624,1512,1045,2296,1059,276,23,154,143,56,709,740,540,53,68,34,48,1,129,162,1458,453,0,0.2688,0.3376,0.4083,783.7148,4.8322,0.1394,0.0000,0.7458,71.8593,0.0000
1,2010,100,0,2,1,0,6183,5606,1398,1142,2136,948,294,24,132,70,24,640,668,470,45,54,20,33,0,126,162,1458,450,0,0.2494,0.3119,0.3810,666.1837,4.0778,0.1316,0.0000,0.6929,74.4681,0.0000
1,2011,100,0,2,1,0,6165,5626,1397,1110,2197,927,292,26,152,94,58,641,667,412,56,54,36,36,1,102,162,1458,470,0,0.2483,0.3040,0.3905,660.2910,3.9964,0.1422,0.0000,0.6945,61.8421,0.0000
1,2012,100,0,2,1,0,6316,5716,1488,1116,2432,966,297,28,197,138,41,726,745,472,52,68,7,50,3,122,162,1458,522,0,0.2603,0.3216,0.4255,785.9056,4.7706,0.1652,0.0000,0.7471,77.0950,0.0000
1,2013,100,0,2,1,0,6265,5702,1454,1261,2322,968,279,32,175,88,28,686,725,461,47,47,13,39,3,136,162,1458,486,0,0.2550,0.3140,0.4072,722.0311,4.3671,0.1522,0.0000,0.7212,75.8621,0.0000
1,2014,100,0,2,1,0,6240,5632,1413,1261,2203,973,247,36,157,69,17,686,703,491,55,66,9,42,0,128,162,1458,440,0,0.2509,0.3162,0.3912,700.7298,4.2853,0.1403,0.0000,0.7073,80.2326,0.0000
1,2015,100,0,2,1,0,6227,5630,1403,1150,2258,915,291,27,170,50,31,677,704,479,46,66,10,41,1,123,162,1458,488,0,0.2492,0.3134,0.4011,703.1523,4.2836,0.1519,0.0000,0.7145,61.7284,0.0000
1,2016,100,0,2,1,0,6067,5506,1355,1130,2175,897,271,12,175,71,27,660,680,453,47,52,6,48,2,140,162,1458,458,0,0.2461,0.3070,0.3950,658.5198,4.0668,0.1489,0.0000,0.7020,72.4490,0.0000
1,2017,100,0,2,1,0,6228,5633,1393,1164,2309,909,257,22,205,73,27,686,721,478,73,66,12,38,1,139,162,1458,484,0,0.2473,0.3117,0.4099,709.7140,4.3003,0.1626,0.0000,0.7216,73.0000,0.0000
2,2000,100,0,0,1,0,6237,5573,1432,970,2119,1011,278,20,123,116,51,673,693,548,29,57,16,42,1,141,162,1458,421,0,0.2570,0.3275,0.3802,698.0112,4.2920,0.1233,0.0000,0.7077,69.4611,0.0000
2,2001,100,0,0,1,0,6168,5610,1430,954,2309,929,298,28,175,151,62,704,734,409,31,83,19,46,1,113,161,1449,501,0,0.2549,0.3126,0.4116,719.8705,4.3974,0.1567,0.0000,0.7242,70.8920,0.0000
2,2002,100,0,0,1,0,6129,5562,1384,1033,2143,914,318,15,137,121,52,656,677,432,35,69,28,36,2,134,162,1458,470,0,0.2488,0.3091,0.3853,654.5212,3.9910,0.1365,0.0000,0.6944,69.9422,0.0000
2,2003,100,0,0,1,0,6098,5600,1469,874,2332,972,305,18,174,101,43,690,714,399,40,46,22,31,0,161,162,1458,497,0,0.2623,0.3150,0.4164,705.9232,4.3436,0.1541,0.0000,0.7314,70.1389,0.0000
2,2004,100,0,0,1,0,6312,5684,1546,928,2419,1047,301,22,176,107,50,759,782,487,41,64,30,46,1,146,162,1458,499,0,0.2720,0.3339,0.4256,797.2573,4.8812,0.1536,0.0000,0.7594,68.1529,0.0000
2,2005,100,0,0,1,0,6159,5646,1497,896,2289,1037,286,16,158,82,40,691,707,401,28,49,25,38,0,167,162,1458,460,0,0.2651,0.3174,0.4054,698.9720,4.2707,0.1403,0.0000,0.7228,67.2131,0.0000
2,2006,100,0,0,1,0,6323,5715,1564,879,2409,1065,310,32,157,107,38,745,770,457,31,66,35,50,0,145,162,1458,499,0,0.2737,0.3319,0.4215,793.9888,4.8513,0.1479,0.0000,0.7534,73.7931,0.0000
2,2007,100,0,0,1,0,6417,5788,1635,1003,2516,1116,324,28,167,146,35,823,854,478,58,56,33,60,2,141,162,1458,519,0,0.2825,0.3399,0.4347,858.7267,5.2432,0.1522,0.0000,0.7746,80.6630,0.0000
2,2008,100,0,0,1,0,6340,5735,1553,984,2406,1037,335,25,156,115,38,741,779,503,54,52,18,31,1,137,161,1449,516,0,0.2708,0.3335,0.4195,799.4063,4.8988,0.1487,0.0000,0.7530,75.1634,0.0000
2,2009,100,0,0,1,0,6243,5661,1481,1142,2301,1004,294,23,160,70,30,657,681,487,23,53,11,30,1,147,162,1458,477,0,0.2616,0.3243,0.4065,736.5188,4.5216,0.1449,0.0000,0.7308,70.0000,0.0000
2,2010,100,0,0,1,0,6209,5688,1458,1098,2224,1034,244,18,162,80,30,679,700,425,24,38,11,45,2,133,162,1458,424,0,0.2563,0.3100,0.3910,682.2581,4.1405,0.1347,0.0000,0.7010,72.7273,0.0000
2,2011,100,0,0,1,0,6104,5587,1375,1188,2178,927,261,19,168,27,9,631,655,398,30,56,25,38,0,127,162,1458,448,0,0.2461,0.3009,0.3898,647.6446,3.9643,0.1437,0.0000,0.6907,75.0000,0.0000
2,2012,100,0,0,1,0,6238,5675,1389,1375,2344,884,271,18,216,34,16,664,693,483,36,45,9,26,0,123,162,1458,505,0,0.2448,0.3078,0.4130,714.7913,4.3272,0.1683,0.0000,0.7208,68.0000,0.0000
2,2013,100,0,0,1,0,6244,5684,1483,1237,2429,976,279,17,211,39,19,734,747,445,45,53,10,50,2,137,162,1458,507,0,0.2609,0.3179,0.4273,759.6643,4.6436,0.1664,0.0000,0.7452,67.2414,0.0000
2,2014,100,0,0,1,0,6310,5774,1572,1261,2572,1056,268,12,236,24,8,716,734,423,38,68,11,34,0,175,162,1458,516,0,0.2723,0.3275,0.4454,812.0825,4.9495,0.1732,0.0000,0.7730,75.0000,0.0000
2,2015,100,0,0,1,0,6215,5687,1449,1381,2425,933,274,24,218,21,10,691,710,435,42,55,11,27,0,136,162,1458,516,0,0.2548,0.3125,0.4264,742.0568,4.5309,0.1716,0.0000,0.7390,67.7419,0.0000
2,2016,100,0,0,1,0,6167,5620,1445,1413,2457,939,246,14,246,15,6,740,761,456,32,44,14,32,1,164,162,1458,506,0,0.2571,0.3162,0.4372,751.4531,4.6206,0.1801,0.0000,0.7533,71.4286,0.0000
2,2017,100,0,0,1,0,6186,5642,1491,1409,2586,948,262,10,271,32,12,766,785,455,31,48,13,28,0,162,162,1458,543,0,0.2643,0.3230,0.4583,808.1082,4.9975,0.1941,0.0000,0.7814,72.7273,0.0000
3,2000,100,0,0,1,0,6379,5676,1559,949,2461,1007,357,40,155,39,23,812,842,568,56,47,31,56,1,157,162,1458,552,0,0.2747,0.3425,0.4336,835.3228,5.1446,0.1589,0.0000,0.7761,62.9032,0.0000
3,2001,100,0,0,1,0,6335,5720,1537,1076,2491,992,328,25,192,31,18,740,773,487,48,69,17,42,0,161,161,1449,545,0,0.2687,0.3313,0.4355,806.6536,4.9264,0.1668,0.0000,0.7668,63.2653,0.0000
3,2002,100,0,0,1,0,6344,5657,1537,991,2529,966,342,37,192,83,28,836,868,538,58,76,16,55,2,132,162,1458,571,0,0.2717,0.3400,0.4471,864.4745,5.3645,0.1754,0.0000,0.7871,74.7748,0.0000
3,2003,100,0,0,1,0,6456,5773,1631,999,2739,1008,367,27,229,55,25,887,920,542,37,81,6,53,1,138,162,1458,623,0,0.2825,0.3495,0.4745,955.8154,5.9136,0.1919,0.0000,0.8240,68.7500,0.0000
3,2004,100,0,0,1,0,6388,5613,1500,1133,2536,931,323,25,221,55,26,834,866,637,41,54,18,63,3,148,162,1458,569,0,0.2672,0.3441,0.4518,876.8406,5.4200,0.1846,0.0000,0.7959,67.9012,0.0000
3,2005,100,0,0,1,0,6479,5705,1529,1076,2417,1018,310,25,176,50,32,828,852,650,43,65,16,41,2,149,162,1458,511,0,0.2680,0.3473,0.4237,843.2150,5.1579,0.1557,0.0000,0.7710,60.9756,0.0000
3,2006,100,0,0,1,0,6361,5617,1533,1029,2509,992,318,11,212,36,15,893,920,612,57,72,25,33,2,161,162,1458,541,0,0.2729,0.3500,0.4467,873.3066,5.4607,0.1738,0.0000,0.7967,70.5882,0.0000
3,2007,100,0,0,1,0,6313,5593,1471,1073,2378,960,304,18,189,83,30,761,787,589,37,53,22,56,0,145,162,1458,511,0,0.2630,0.3359,0.4252,804.0014,4.9618,0.1622,0.0000,0.7611,73.4513,0.0000
3,2008,100,0,0,1,0,6638,5829,1653,999,2635,1086,345,29,193,133,48,925,965,646,45,77,24,60,2,136,162,1458,567,0,0.2836,0.3593,0.4521,965.8938,5.8684,0.1685,0.0000,0.8114,73.4807,0.0000
3,2009,100,0,0,1,0,6404,5661,1515,1097,2484,960,330,36,189,118,34,817,846,602,40,61,16,63,1,137,163,1467,555,0,0.2676,0.3410,0.4388,861.4835,5.2912,0.1712,0.0000,0.7798,77.6316,0.0000
3,2010,100,0,0,1,0,6261,5632,1436,1190,2272,953,299,15,169,42,17,686,709,525,44,47,17,39,1,135,162,1458,483,0,0.2550,0.3216,0.4034,729.4258,4.4720,0.1484,0.0000,0.7250,71.1864,0.0000
3,2011,100,0,0,1,0,6349,5676,1581,1063,2564,1031,317,33,200,99,46,837,875,557,28,47,10,57,2,129,162,1458,550,0,0.2785,0.3448,0.4517,886.7435,5.5204,0.1732,0.0000,0.7965,68.2759,0.0000
3,2012,100,0,0,1,0,6189,5628,1401,1273,2156,949,291,19,142,80,35,632,656,452,34,51,18,38,2,123,162,1458,452,0,0.2489,0.3086,0.3831,662.8027,4.0296,0.1342,0.0000,0.6917,69.5652,0.0000
3,2013,100,0,0,1,0,6291,5635,1442,1335,2266,946,323,18,155,82,17,707,746,535,37,61,10,49,1,123,162,1458,496,0,0.2559,0.3245,0.4021,749.7432,4.6091,0.1462,0.0000,0.7267,82.8283,0.0000
3,2014,100,0,0,1,0,6266,5639,1457,1344,2239,994,289,29,145,17,10,667,696,506,30,73,9,39,0,144,162,1458,463,0,0.2584,0.3254,0.3971,725.5101,4.4682,0.1387,0.0000,0.7225,62.9630,0.0000
3,2015,100,0,0,1,0,6351,5739,1564,1220,2479,1057,290,26,191,28,20,759,793,530,65,39,6,36,1,159,162,1458,507,0,0.2725,0.3362,0.4320,814.3533,5.0017,0.1594,0.0000,0.7682,58.3333,0.0000
3,2016,100,0,0,1,0,6361,5740,1655,1121,2899,984,371,27,273,82,28,895,928,526,61,38,13,43,1,149,162,1458,671,0,0.2883,0.3496,0.5051,995.8089,6.2267,0.2167,0.0000,0.8547,74.5455,0.0000
3,2017,100,0,0,1,0,6406,5755,1666,1246,2729,1101,300,32,233,102,30,879,915,558,63,41,7,42,3,147,162,1458,565,0,0.2895,0.3541,0.4742,960.9691,6.0130,0.1847,0.0000,0.8283,77.2727,0.0000
4,2000,100,0,1,1,0,6559,5757,1654,920,2853,1037,304,44,269,124,56,979,1005,649,48,50,36,65,2,139,162,1458,617,0,0.2873,0.3608,0.4956,1033.1742,6.3414,0.2083,0.0000,0.8564,68.8889,0.0000
4,2001,100,0,1,1,0,6364,5723,1597,964,2655,1049,280,26,242,137,50,840,860,500,55,61,27,51,2,123,162,1458,548,0,0.2790,0.3406,0.4639,904.3138,5.5784,0.1849,0.0000,0.8046,73.2620,0.0000
4,2002,100,0,1,1,0,6307,5609,1459,938,2491,915,285,30,229,99,41,781,816,570,29,54,40,34,0,159,162,1458,544,0,0.2601,0.3324,0.4441,816.7509,4.9847,0.1840,0.0000,0.7765,70.7143,0.0000
4,2003,100,0,1,1,0,6305,5646,1564,937,2588,1020,294,20,230,74,46,865,897,510,26,74,22,51,2,139,162,1458,544,0,0.2770,0.3420,0.4584,874.9941,5.4435,0.1814,0.0000,0.8004,61.6667,0.0000
4,2004,100,0,1,1,0,6239,5639,1465,1099,2483,924,292,21,228,85,33,752,767,463,32,73,23,40,1,141,162,1458,541,0,0.2598,0.3220,0.4403,788.1464,4.8243,0.1805,0.0000,0.7623,72.0339,0.0000
4,2005,100,0,1,1,0,6172,5584,1481,950,2399,985,272,26,198,115,43,731,754,430,46,83,35,39,1,142,162,1458,496,0,0.2652,0.3250,0.4296,767.6597,4.7517,0.1644,0.0000,0.7546,72.7848,0.0000
4,2006,100,0,1,1,0,6286,5668,1528,1056,2468,1019,285,17,207,72,32,771,799,493,43,50,32,40,3,131,162,1458,509,0,0.2696,0.3313,0.4354,811.6911,5.0093,0.1658,0.0000,0.7667,69.2308,0.0000
4,2007,100,0,1,1,0,6145,5565,1359,1167,2141,919,255,28,157,75,28,624,651,463,45,58,20,38,1,134,162,1458,440,0,0.2442,0.3070,0.3847,652.6163,3.9812,0.1405,0.0000,0.6917,72.8155,0.0000
4,2008,100,0,1,1,0,6395,5795,1528,1140,2501,1016,278,7,227,49,27,786,813,489,30,62,17,31,1,151,161,1449,512,0,0.2637,0.3260,0.4316,798.8422,4.8005,0.1679,0.0000,0.7576,64.4737,0.0000
4,2009,100,0,1,1,0,6327,5745,1528,1167,2425,1042,269,23,194,127,35,747,767,455,37,59,13,55,0,133,162,1458,486,0,0.2660,0.3234,0.4221,785.0304,4.7599,0.1561,0.0000,0.7455,78.3951,0.0000
4,2010,100,0,1,1,0,6286,5660,1507,950,2322,1031,297,19,160,76,36,715,744,484,45,64,14,64,0,137,162,1458,476,0,0.2663,0.3276,0.4102,758.3268,4.6491,0.1440,0.0000,0.7379,67.8571,0.0000
4,2011,100,0,1,1,0,6481,5817,1602,1004,2520,1093,294,21,194,89,43,795,824,492,43,91,31,49,1,123,164,1476,509,0,0.2754,0.3388,0.4332,856.2928,5.1827,0.1578,0.0000,0.7720,67.4242,0.0000
4,2012,100,0,1,1,0,6161,5592,1439,1160,2268,991,245,25,178,70,25,683,708,443,53,78,8,39,1,161,162,1458,448,0,0.2573,0.3186,0.4056,705.7179,4.3444,0.1482,0.0000,0.7242,73.6842,0.0000
4,2013,100,0,1,1,0,6033,5582,1418,1235,2197,991,243,16,168,58,24,616,638,348,39,46,15,41,1,155,162,1458,427,0,0.2540,0.3011,0.3936,635.8142,3.9025,0.1396,0.0000,0.6947,70.7317,0.0000
4,2014,100,0,1,1,0,6130,5625,1428,1338,2211,967,286,28,147,59,17,623,644,378,39,67,15,45,0,147,162,1458,461,0,0.2539,0.3063,0.3931,663.0920,4.0496,0.1392,0.0000,0.6994,77.6316,0.0000
4,2015,100,0,1,1,0,6180,5647,1466,1156,2266,983,310,29,144,53,23,678,702,410,68,65,6,52,0,162,162,1458,483,0,0.2596,0.3144,0.4013,690.3353,4.2132,0.1417,0.0000,0.7157,69.7368,0.0000
4,2016,100,0,1,1,0,6183,5638,1450,1294,2330,947,297,35,171,87,35,704,732,429,67,57,12,47,0,103,162,1458,503,0,0.2572,0.3137,0.4133,731.3146,4.5030,0.1561,0.0000,0.7270,71.3115,0.0000
4,2017,100,0,1,1,0,6221,5686,1386,1494,2144,955,248,39,144,89,42,585,618,424,35,64,10,36,1,125,162,1458,431,0,0.2438,0.3018,0.3771,639.9823,3.8288,0.1333,0.0000,0.6788,67.9389,0.0000
5,2000,100,0,1,1,0,6601,5736,1638,1054,2696,1055,329,33,221,107,43,943,977,722,46,56,29,55,3,152,162,1458,583,0,0.2856,0.3678,0.4700,1005.0176,6.1996,0.1844,0.0000,0.8378,71.3333,0.0000
5,2001,100,0,1,1,0,6469,5776,1685,940,2819,1078,326,35,246,114,49,969,1000,558,56,60,19,55,1,124,162,1458,607,0,0.2917,0.3571,0.4881,1008.6479,6.2779,0.1963,0.0000,0.8452,69.9387,0.0000
5,2002,100,0,1,1,0,6173,5538,1414,1076,2282,922,291,26,175,76,31,689,722,509,41,60,31,34,1,161,162,1458,492,0,0.2553,0.3229,0.4121,723.3063,4.4577,0.1567,0.0000,0.7350,71.0280,0.0000
5,2003,100,0,1,1,0,6349,5701,1538,967,2421,1027,310,30,171,113,45,810,830,506,40,65,24,53,0,124,162,1458,511,0,0.2698,0.3334,0.4247,812.1355,4.9734,0.1549,0.0000,0.7581,71.5190,0.0000
5,2004,100,0,1,1,0,6503,5749,1620,951,2578,1067,338,25,190,75,53,833,872,580,49,75,40,56,3,137,163,1467,553,0,0.2818,0.3522,0.4484,906.0063,5.5407,0.1666,0.0000,0.8006,58.5938,0.0000
5,2005,100,0,1,1,0,6430,5764,1708,966,2772,1111,348,31,218,83,41,917,945,519,40,58,23,66,0,153,162,1458,597,0,0.2963,0.3566,0.4809,975.9279,6.0728,0.1846,0.0000,0.8376,66.9355,0.0000
5,2006,100,0,1,1,0,6481,5807,1601,1188,2641,1016,342,31,212,70,19,836,856,528,51,80,24,40,2,151,162,1458,585,0,0.2757,0.3422,0.4548,898.6517,5.4648,0.1791,0.0000,0.7970,78.6517,0.0000
5,2007,100,0,1,1,0,6381,5674,1495,1200,2375,994,303,17,181,73,37,733,761,567,34,74,14,52,0,145,162,1458,501,0,0.2635,0.3355,0.4186,797.7379,4.8654,0.1551,0.0000,0.7541,66.3636,0.0000
5,2008,100,0,1,1,0,6513,5723,1602,1189,2591,1030,353,21,198,86,37,870,913,615,47,95,30,49,1,142,162,1458,572,0,0.2799,0.3567,0.4527,933.2465,5.7542,0.1728,0.0000,0.8094,69.9187,0.0000
5,2009,100,0,1,1,0,6429,5713,1538,1237,2471,1007,313,34,184,73,28,784,803,567,52,75,19,53,2,117,162,1458,531,0,0.2692,0.3402,0.4325,854.8457,5.2552,0.1633,0.0000,0.7727,72.2772,0.0000
5,2010,100,0,1,1,0,6350,5644,1465,1255,2313,965,315,22,163,70,25,743,767,588,37,59,5,53,1,134,162,1458,500,0,0.2596,0.3329,0.4098,780.7570,4.7954,0.1502,0.0000,0.7427,73.6842,0.0000
5,2011,100,0,1,1,0,6277,5642,1466,1092,2274,999,286,21,160,58,24,707,731,519,50,60,15,41,0,114,162,1458,467,0,0.2598,0.3266,0.4030,750.6538,4.6379,0.1432,0.0000,0.7296,70.7317,0.0000
5,2012,100,0,1,1,0,6283,5554,1380,1189,2141,917,300,28,135,88,47,665,697,593,39,74,13,46,3,127,162,1458,463,0,0.2485,0.3266,0.3855,710.0459,4.3502,0.1370,0.0000,0.7121,65.1852,0.0000
5,2013,100,0,1,1,0,6426,5736,1494,1281,2412,984,295,22,193,91,26,726,762,599,46,37,8,46,0,125,162,1458,510,0,0.2605,0.3319,0.4205,813.2809,4.9378,0.1600,0.0000,0.7524,77.7778,0.0000
5,2014,100,0,1,1,0,6307,5699,1498,1169,2364,967,346,35,150,80,20,693,731,514,68,40,20,33,1,117,162,1458,531,0,0.2629,0.3264,0.4148,777.2726,4.7794,0.1520,0.0000,0.7412,80.0000,0.0000
5,2015,100,0,1,1,0,6252,5641,1477,1126,2394,929,348,31,169,56,28,709,737,508,71,45,12,45,1,115,161,1449,548,0,0.2618,0.3254,0.4244,778.2494,4.8150,0.1626,0.0000,0.7498,66.6667,0.0000
5,2016,100,0,1,1,0,6447,5739,1623,1189,2726,1020,334,38,231,151,53,920,947,593,60,50,10,52,3,116,162,1458,603,0,0.2828,0.3522,0.4750,972.4626,6.0401,0.1922,0.0000,0.8272,74.0196,0.0000
5,2017,100,0,1,1,0,6370,5689,1578,1219,2580,1008,339,30,201,109,50,863,901,520,47,101,15,45,0,114,162,1458,570,0,0.2774,0.3460,0.4535,899.9748,5.6054,0.1761,0.0000,0.7995,68.5535,0.0000
6,2000,100,0,1,1,0,6281,5650,1513,958,2472,981,297,43,192,92,55,771,804,510,42,50,27,44,0,134,162,1458,532,0,0.2678,0.3315,0.4375,807.3034,4.9573,0.1697,0.0000,0.7690,62.5850,0.0000
6,2001,100,0,1,1,0,6140,5668,1480,1020,2278,1004,294,42,140,101,55,654,685,373,31,41,19,38,1,120,162,1458,476,0,0.2611,0.3095,0.4019,688.7593,4.2074,0.1408,0.0000,0.7114,64.7436,0.0000
6,2002,100,0,1,1,0,5996,5495,1350,1026,2061,928,261,33,128,69,60,586,608,381,30,68,18,34,0,135,161,1449,422,0,0.2457,0.3009,0.3751,597.3161,3.6720,0.1294,0.0000,0.6760,53.4884,0.0000
6,2003,100,0,1,1,0,6144,5593,1346,1218,2100,910,250,54,132,101,51,587,611,406,37,63,27,55,0,110,162,1458,436,0,0.2407,0.2967,0.3755,621.1868,3.7354,0.1348,0.0000,0.6722,66.4474,0.0000
6,2004,100,0,1,1,0,6157,5582,1453,1179,2339,963,270,44,176,106,52,724,748,432,24,59,26,55,3,112,162,1458,490,0,0.2603,0.3172,0.4190,739.7847,4.5666,0.1587,0.0000,0.7363,67.0886,0.0000
6,2005,100,0,1,1,0,6313,5723,1537,1072,2405,1025,311,46,155,73,30,730,760,467,44,54,28,39,2,163,162,1458,512,0,0.2686,0.3276,0.4202,768.8788,4.6693,0.1517,0.0000,0.7478,70.8738,0.0000
6,2006,100,0,1,1,0,6477,5847,1687,1099,2713,1149,276,36,226,87,35,856,878,521,51,43,23,42,1,151,162,1458,538,0,0.2885,0.3488,0.4640,932.8277,5.7099,0.1755,0.0000,0.8128,71.3115,0.0000
6,2007,100,0,1,1,0,6362,5801,1581,1085,2453,1072,313,29,167,95,28,760,788,442,33,60,9,50,0,135,162,1458,509,0,0.2725,0.3279,0.4229,801.2635,4.8704,0.1503,0.0000,0.7507,77.2358,0.0000
6,2008,100,0,1,1,0,6318,5705,1531,1116,2404,1033,295,31,172,57,19,772,797,522,29,41,9,40,1,140,161,1449,498,0,0.2684,0.3320,0.4214,795.7975,4.9034,0.1530,0.0000,0.7533,75.0000,0.0000
6,2009,100,0,1,1,0,6253,5568,1426,1165,2270,951,275,31,169,56,20,703,736,545,59,61,36,43,0,165,162,1458,475,0,0.2561,0.3268,0.4077,733.2528,4.4934,0.1516,0.0000,0.7345,73.6842,0.0000
6,2010,100,0,1,1,0,6489,5810,1612,1212,2510,1100,300,38,174,41,9,811,849,577,56,34,23,44,1,142,162,1458,512,0,0.2775,0.3439,0.4320,865.6093,5.2924,0.1546,0.0000,0.7759,82.0000,0.0000
6,2011,100,0,1,1,0,6555,5870,1671,1126,2683,1096,337,39,199,35,17,843,882,568,66,44,17,56,0,180,164,1476,575,0,0.2847,0.3492,0.4571,916.8599,5.5393,0.1724,0.0000,0.8063,67.3077,0.0000
6,2012,100,0,1,1,0,6282,5692,1523,1181,2409,1033,276,32,182,45,19,759,780,482,46,51,15,42,0,157,162,1458,490,0,0.2676,0.3281,0.4232,774.7025,4.7517,0.1557,0.0000,0.7513,70.3125,0.0000
6,2013,100,0,1,1,0,6396,5770,1628,1147,2504,1132,291,30,175,31,8,785,830,525,38,44,14,43,0,164,162,1458,496,0,0.2821,0.3442,0.4340,850.9749,5.2565,0.1518,0.0000,0.7782,79.4872,0.0000
6,2014,100,0,1,1,0,6275,5705,1513,1273,2274,1045,306,31,131,69,23,655,682,452,61,55,15,46,2,140,162,1458,468,0,0.2652,0.3228,0.3986,727.5130,4.4481,0.1334,0.0000,0.7214,75.0000,0.0000
6,2015,100,0,1,1,0,6287,5801,1566,1290,2408,1086,276,46,158,58,36,656,674,377,46,45,12,50,2,144,161,1449,480,0,0.2700,0.3169,0.4151,738.7802,4.4555,0.1451,0.0000,0.7320,61.7021,0.0000
6,2016,100,0,1,1,0,6257,5726,1531,1322,2564,983,285,41,222,62,33,693,731,446,55,44,9,32,0,156,162,1458,548,0,0.2674,0.3235,0.4478,799.5156,4.8784,0.1804,0.0000,0.7712,65.2632,0.0000
6,2017,100,0,1,1,0,6133,5583,1406,1455,2239,957,234,46,169,79,29,680,715,450,46,58,7,33,2,129,162,1458,449,0,0.2518,0.3125,0.4010,693.4066,4.2793,0.1492,0.0000,0.7136,73.1481,0.0000
7,2000,100,0,1,1,0,6448,5831,1631,870,2532,1113,305,43,170,105,33,780,810,494,66,38,32,53,0,146,162,1458,518,0,0.2797,0.3371,0.4342,846.7569,5.1215,0.1545,0.0000,0.7714,76.0870,0.0000
7,2001,100,0,1,1,0,6331,5761,1603,922,2532,1075,311,33,184,110,44,807,835,437,56,60,27,44,2,154,162,1458,528,0,0.2783,0.3332,0.4395,823.6631,5.0235,0.1613,0.0000,0.7727,71.4286,0.0000
7,2002,100,0,1,1,0,6275,5644,1527,868,2354,1054,275,42,156,162,58,746,783,497,45,53,30,51,0,143,162,1458,473,0,0.2706,0.3326,0.4171,780.7927,4.7923,0.1465,0.0000,0.7497,73.6364,0.0000
7,2003,100,0,1,1,0,6314,5728,1521,997,2443,1003,302,28,188,126,38,765,796,448,41,85,16,37,0,140,162,1458,518,0,0.2655,0.3261,0.4265,791.5211,4.8155,0.1610,0.0000,0.7526,76.8293,0.0000
7,2004,100,0,1,1,0,6165,5552,1388,1057,2226,904,293,28,163,64,32,684,702,468,47,72,23,48,2,137,162,1458,484,0,0.2500,0.3140,0.4009,691.9494,4.2422,0.1509,0.0000,0.7149,66.6667,0.0000
7,2005,100,0,1,1,0,6247,5678,1505,1021,2358,1012,290,46,157,47,32,734,763,438,51,65,19,46,1,161,162,1458,493,0,0.2651,0.3225,0.4153,736.2751,4.4864,0.1502,0.0000,0.7378,59.4937,0.0000
7,2006,100,0,1,1,0,6386,5826,1574,1087,2420,1043,355,37,139,68,41,723,743,414,27,69,27,48,2,136,162,1458,531,0,0.2702,0.3236,0.4154,769.4689,4.6127,0.1452,0.0000,0.7390,62.3853,0.0000
7,2007,100,0,1,1,0,6380,5763,1582,1066,2315,1104,335,31,112,83,21,728,757,469,66,79,26,43,0,155,162,1458,478,0,0.2745,0.3352,0.4017,771.6034,4.7070,0.1272,0.0000,0.7369,79.8077,0.0000
7,2008,100,0,1,1,0,6377,5825,1637,1062,2467,1122,339,37,139,74,23,763,796,418,47,75,15,43,1,134,162,1458,515,0,0.2810,0.3349,0.4235,820.5155,5.0316,0.1425,0.0000,0.7584,76.2887,0.0000
7,2009,100,0,1,1,0,6254,5723,1578,998,2388,1094,301,40,143,101,34,703,731,429,52,34,25,43,0,146,162,1458,484,0,0.2757,0.3277,0.4173,768.5448,4.7236,0.1415,0.0000,0.7449,74.8148,0.0000
7,2010,100,0,1,1,0,6242,5650,1446,955,2162,1007,282,37,120,78,24,645,683,492,47,49,15,35,1,123,162,1458,439,0,0.2559,0.3191,0.3827,694.9015,4.2632,0.1267,0.0000,0.7018,76.4706,0.0000
7,2011,100,0,1,1,0,6410,5851,1605,946,2482,1063,360,29,153,113,55,752,793,450,47,41,29,36,3,108,164,1476,542,0,0.2743,0.3286,0.4242,811.5764,4.8978,0.1499,0.0000,0.7528,67.2619,0.0000
7,2012,100,0,1,1,0,6225,5715,1548,1067,2399,1067,275,42,164,144,32,688,717,406,45,45,20,39,0,160,162,1458,481,0,0.2709,0.3222,0.4198,757.6686,4.6304,0.1489,0.0000,0.7419,81.8182,0.0000
7,2013,100,0,1,1,0,6350,5795,1539,1161,2387,1051,295,26,167,130,30,746,780,439,54,53,8,55,0,108,162,1458,488,0,0.2656,0.3202,0.4119,775.4563,4.6976,0.1463,0.0000,0.7322,81.2500,0.0000
7,2014,100,0,1,1,0,6180,5671,1492,1049,2260,1045,272,29,146,105,35,710,743,396,48,65,8,38,2,146,162,1458,447,0,0.2631,0.3165,0.3985,701.5433,4.2991,0.1354,0.0000,0.7151,75.0000,0.0000
7,2015,100,0,1,1,0,6312,5816,1521,1090,2355,1031,296,44,150,98,31,673,701,386,57,65,10,33,2,134,162,1458,490,0,0.2615,0.3130,0.4049,724.7359,4.3455,0.1434,0.0000,0.7179,75.9690,0.0000
7,2016,100,0,1,1,0,6202,5726,1541,1241,2354,1053,304,43,141,144,52,677,697,375,51,51,12,38,0,120,162,1458,488,0,0.2691,0.3178,0.4111,738.7169,4.5258,0.1420,0.0000,0.7289,73.4694,0.0000
7,2017,100,0,1,1,0,6177,5673,1530,1146,2394,1046,278,32,174,115,34,735,765,402,50,53,8,41,0,132,162,1458,484,0,0.2697,0.3218,0.4220,761.1059,4.7154,0.1523,0.0000,0.7438,77.1812,0.0000
8,2000,100,0,1,1,0,6259,5651,1555,1002,2402,1034,338,40,143,123,72,761,784,507,38,39,19,43,0,133,162,1458,521,0,0.2752,0.3367,0.4251,796.7744,4.9308,0.1499,0.0000,0.7618,63.0769,0.0000
8,2001,100,0,1,1,0,6450,5818,1633,1053,2599,1062,348,51,172,198,69,830,867,490,55,69,19,54,0,118,162,1458,571,0,0.2807,0.3408,0.4467,892.4457,5.4209,0.1660,0.0000,0.7876,74.1573,0.0000
8,2002,100,0,1,1,0,6286,5627,1569,920,2508,1022,328,46,173,135,66,835,867,500,31,74,32,52,1,121,161,1449,547,0,0.2788,0.3427,0.4457,859.9118,5.3633,0.1669,0.0000,0.7884,67.1642,0.0000
8,2003,100,0,1,1,0,6229,5660,1516,945,2419,1004,298,37,177,134,61,738,762,441,42,54,29,45,0,118,162,1458,512,0,0.2678,0.3244,0.4274,777.8986,4.7767,0.1595,0.0000,0.7517,68.7179,0.0000
8,2004,100,0,1,1,0,6354,5677,1538,982,2456,1010,318,30,180,138,57,828,855,525,42,74,27,50,1,118,163,1467,528,0,0.2709,0.3378,0.4326,837.7397,5.1512,0.1617,0.0000,0.7704,70.7692,0.0000
8,2005,100,0,1,1,0,6393,5742,1564,921,2371,1092,284,41,147,164,59,763,798,505,54,64,29,53,0,125,162,1458,472,0,0.2724,0.3352,0.4129,802.6539,4.8766,0.1405,0.0000,0.7481,73.5426,0.0000
8,2006,100,0,1,1,0,6324,5710,1631,905,2484,1137,296,37,161,128,69,776,802,483,45,57,30,43,1,134,162,1458,494,0,0.2856,0.3450,0.4350,845.7202,5.2433,0.1494,0.0000,0.7800,64.9746,0.0000
8,2007,100,0,1,1,0,6409,5763,1571,956,2379,1053,357,32,129,139,49,742,763,509,55,64,28,42,3,111,162,1458,518,0,0.2726,0.3362,0.4128,812.1702,4.9590,0.1402,0.0000,0.7490,73.9362,0.0000
8,2008,100,0,1,1,0,6266,5638,1504,1021,2270,1032,311,28,133,113,38,712,752,511,66,46,33,38,0,151,162,1458,472,0,0.2668,0.3307,0.4026,744.8983,4.5772,0.1359,0.0000,0.7333,74.8344,0.0000
8,2009,100,0,1,1,0,6477,5775,1613,1023,2445,1109,318,44,142,120,50,818,851,569,63,39,42,51,1,136,162,1458,504,0,0.2793,0.3452,0.4234,847.6422,5.1534,0.1441,0.0000,0.7686,70.5882,0.0000
8,2010,100,0,1,1,0,6249,5674,1513,1073,2327,1039,290,28,156,72,28,684,714,480,30,32,14,48,1,150,162,1458,474,0,0.2667,0.3248,0.4101,745.5400,4.5739,0.1435,0.0000,0.7349,72.0000,0.0000
8,2011,100,0,1,1,0,6138,5605,1409,1132,2133,960,292,39,118,93,27,584,613,426,42,42,27,38,0,124,162,1458,449,0,0.2514,0.3072,0.3806,654.0466,4.0026,0.1292,0.0000,0.6877,77.5000,0.0000
8,2012,100,0,1,1,0,6183,5599,1504,1151,2296,1027,302,35,140,115,30,720,752,474,45,62,8,38,2,142,162,1458,477,0,0.2686,0.3305,0.4101,757.7715,4.7438,0.1415,0.0000,0.7405,79.3103,0.0000
8,2013,100,0,1,1,0,6144,5521,1324,1346,2093,871,284,22,147,56,24,615,641,496,30,62,10,55,0,111,162,1458,453,0,0.2398,0.3068,0.3791,652.0541,4.0040,0.1393,0.0000,0.6859,70.0000,0.0000
8,2014,100,0,1,1,0,6228,5603,1377,1378,2154,921,284,23,149,69,32,658,681,523,23,53,12,33,4,121,162,1458,456,0,0.2458,0.3144,0.3844,681.6690,4.1603,0.1387,0.0000,0.6988,68.3168,0.0000
8,2015,100,0,1,1,0,6061,5554,1341,1353,2240,828,301,38,174,56,33,620,648,420,42,37,9,41,0,112,162,1458,513,0,0.2414,0.2971,0.4033,655.3691,4.0143,0.1619,0.0000,0.7004,62.9213,0.0000
8,2016,100,0,1,1,0,6188,5597,1384,1413,2329,879,263,44,198,64,32,686,710,489,48,53,9,39,1,116,162,1458,505,0,0.2473,0.3118,0.4161,722.9480,4.4272,0.1688,0.0000,0.7279,66.6667,0.0000
8,2017,100,0,1,1,0,6149,5603,1403,1562,2391,854,300,59,190,78,26,724,747,458,43,44,13,30,1,87,162,1458,549,0,0.2504,0.3105,0.4267,750.0459,4.6490,0.1763,0.0000,0.7372,75.0000,0.0000
9,2000,100,0,0,1,0,6396,5677,1550,950,2507,1019,305,26,200,108,48,845,872,602,42,49,11,54,3,115,161,1449,531,0,0.2730,0.3449,0.4416,878.3515,5.4456,0.1686,0.0000,0.7865,69.2308,0.0000
9,2001,100,0,0,1,0,6267,5615,1516,1057,2498,988,290,22,216,152,66,812,837,526,68,64,14,47,1,129,160,1440,528,0,0.2700,0.3369,0.4449,837.0095,5.1893,0.1749,0.0000,0.7817,69.7248,0.0000
9,2002,100,0,0,1,0,6391,5575,1511,1031,2582,951,297,15,248,100,56,879,917,672,49,83,12,47,2,138,161,1449,560,0,0.2710,0.3553,0.4631,923.7053,5.7772,0.1921,0.0000,0.8185,64.1026,0.0000
9,2003,100,0,0,1,0,6354,5592,1500,1105,2520,970,278,14,238,101,59,859,889,610,41,79,22,50,1,137,162,1458,530,0,0.2682,0.3458,0.4506,871.6246,5.3977,0.1824,0.0000,0.7964,63.1250,0.0000
9,2004,100,0,0,1,0,6517,5645,1538,986,2536,1025,260,21,232,97,42,899,932,714,45,82,32,44,0,142,162,1458,513,0,0.2725,0.3599,0.4492,930.7385,5.7545,0.1768,0.0000,0.8092,69.7842,0.0000
9,2005,100,0,0,1,0,6456,5677,1549,990,2635,1010,256,19,264,127,45,896,922,636,54,81,20,41,1,119,162,1458,539,0,0.2729,0.3521,0.4642,946.0270,5.8678,0.1913,0.0000,0.8163,73.8372,0.0000
9,2006,100,0,0,1,0,6464,5677,1571,1092,2510,1060,284,26,201,174,52,894,919,645,50,69,21,49,3,140,162,1458,511,0,0.2767,0.3548,0.4421,910.1262,5.6258,0.1654,0.0000,0.7969,76.9912,0.0000
9,2007,100,0,0,1,0,6419,5652,1584,1071,2452,1087,295,33,169,188,58,857,897,594,30,82,20,68,3,129,162,1458,497,0,0.2803,0.3533,0.4338,892.8763,5.5509,0.1536,0.0000,0.7872,76.4228,0.0000
9,2008,100,0,0,1,0,6534,5747,1610,1140,2525,1099,301,16,194,189,46,872,899,621,42,79,32,54,1,128,162,1458,511,0,0.2801,0.3553,0.4394,928.2527,5.7000,0.1592,0.0000,0.7947,80.4255,0.0000
9,2009,100,0,0,1,0,6568,5794,1649,1035,2727,1081,299,28,241,133,53,956,980,638,27,57,22,57,0,131,162,1458,568,0,0.2846,0.3581,0.4707,990.1929,6.0652,0.1861,0.0000,0.8287,71.5054,0.0000
9,2010,100,0,0,1,0,6539,5716,1593,1125,2673,1037,278,32,246,82,24,946,994,687,25,61,16,57,2,121,162,1458,556,0,0.2787,0.3590,0.4676,988.1765,6.1462,0.1889,0.0000,0.8266,77.3585,0.0000
9,2011,100,0,0,1,0,6342,5630,1489,1230,2463,987,251,30,221,59,24,818,840,563,26,73,24,50,2,128,162,1458,502,0,0.2645,0.3364,0.4375,837.3611,5.1772,0.1730,0.0000,0.7739,71.0843,0.0000
9,2012,100,0,0,1,0,6415,5716,1527,1284,2537,1004,270,19,234,52,16,824,857,561,28,77,14,46,1,143,162,1458,523,0,0.2671,0.3383,0.4438,861.2727,5.2755,0.1767,0.0000,0.7821,76.4706,0.0000
9,2013,100,0,0,1,0,5997,5525,1276,1339,1947,886,242,15,133,67,22,555,570,363,16,61,11,35,2,117,162,1458,390,0,0.2310,0.2841,0.3524,549.8886,3.3484,0.1214,0.0000,0.6365,75.2809,0.0000
9,2014,100,0,0,1,0,6200,5613,1415,1174,2142,997,249,29,140,102,30,647,678,476,34,56,9,45,1,139,162,1458,418,0,0.2521,0.3145,0.3816,674.7738,4.1210,0.1295,0.0000,0.6962,77.2727,0.0000
9,2015,100,0,0,1,0,6103,5532,1275,1295,2106,824,253,16,182,36,22,585,608,468,17,54,12,37,0,124,162,1458,451,0,0.2305,0.2950,0.3807,617.1975,3.7431,0.1502,0.0000,0.6757,62.0690,0.0000
9,2016,100,0,0,1,0,6177,5621,1428,1223,2283,978,233,29,188,74,31,691,716,464,25,47,15,29,1,126,162,1458,450,0,0.2540,0.3147,0.4062,712.8923,4.3805,0.1521,0.0000,0.7209,70.4762,0.0000
9,2017,100,0,0,1,0,6123,5583,1424,1261,2239,995,222,28,179,73,27,636,666,450,41,52,7,31,0,154,162,1458,429,0,0.2551,0.3149,0.4010,688.7036,4.2474,0.1460,0.0000,0.7160,73.0000,0.0000
10,2000,100,0,2,1,0,6542,5731,1598,1096,2622,1033,324,23,218,34,12,927,952,689,31,60,21,41,0,146,161,1449,565,0,0.2788,0.3599,0.4575,956.5080,5.9329,0.1787,0.0000,0.8174,73.9130,0.0000
10,2001,100,0,2,1,0,6420,5657,1539,988,2534,987,322,17,213,62,26,829,852,604,58,80,15,64,0,155,162,1458,552,0,0.2721,0.3471,0.4479,881.0753,5.4338,0.1759,0.0000,0.7950,70.4545,0.0000
10,2002,100,0,2,1,0,6227,5548,1447,904,2320,967,269,29,182,36,22,751,787,525,35,78,21,54,1,149,162,1458,480,0,0.2608,0.3304,0.4182,762.1630,4.7339,0.1574,0.0000,0.7485,62.0690,0.0000
10,2003,100,0,2,1,0,6421,5770,1606,879,2546,1061,334,27,184,45,13,783,817,507,36,69,24,50,1,158,162,1458,545,0,0.2783,0.3412,0.4412,860.8709,5.2718,0.1629,0.0000,0.7824,77.5862,0.0000
10,2004,100,0,2,1,0,6391,5700,1493,1038,2427,956,329,19,189,42,16,767,792,579,35,52,9,51,0,144,162,1458,537,0,0.2619,0.3328,0.4258,809.7543,4.9386,0.1639,0.0000,0.7586,72.4138,0.0000
10,2005,100,0,2,1,0,6467,5780,1585,925,2432,1078,330,14,163,30,22,790,818,580,30,47,13,45,2,178,162,1458,507,0,0.2742,0.3428,0.4208,819.4208,4.9684,0.1465,0.0000,0.7636,57.6923,0.0000
10,2006,100,0,2,1,0,6316,5642,1458,953,2205,996,313,13,136,50,18,683,710,583,39,38,7,43,3,158,162,1458,462,0,0.2584,0.3297,0.3908,725.9675,4.4447,0.1324,0.0000,0.7205,73.5294,0.0000
10,2007,100,0,2,1,0,6283,5569,1370,1136,2055,959,265,18,128,45,21,613,651,623,29,48,10,33,0,142,162,1458,411,0,0.2460,0.3254,0.3690,677.8136,4.1546,0.1230,0.0000,0.6944,68.1818,0.0000
10,2008,100,0,2,1,0,6201,5525,1337,1162,2039,912,273,27,125,99,22,624,656,558,35,67,19,32,0,148,162,1458,425,0,0.2420,0.3174,0.3690,656.1130,4.0179,0.1271,0.0000,0.6864,81.8182,0.0000
10,2009,100,0,2,1,0,6259,5596,1366,1129,2103,911,300,28,127,115,38,640,665,546,29,54,11,48,4,138,162,1458,455,0,0.2441,0.3149,0.3758,670.1955,4.0527,0.1317,0.0000,0.6907,75.1634,0.0000
10,2010,100,0,2,1,0,6196,5562,1280,1182,1905,889,260,28,103,118,31,540,568,526,43,46,14,48,0,132,162,1458,391,0,0.2301,0.2996,0.3425,582.3016,3.4884,0.1124,0.0000,0.6421,79.1946,0.0000
10,2011,100,0,2,1,0,6199,5531,1371,1044,2108,909,307,35,120,66,32,634,665,540,46,67,21,39,1,145,162,1458,462,0,0.2479,0.3202,0.3811,673.9599,4.1385,0.1332,0.0000,0.7013,67.3469,0.0000
10,2012,100,0,2,1,0,6387,5698,1455,1375,2392,944,275,46,190,85,28,733,756,583,50,50,9,47,0,124,162,1458,511,0,0.2554,0.3274,0.4198,793.2235,4.8117,0.1644,0.0000,0.7472,75.2212,0.0000
10,2013,100,0,2,1,0,6263,5590,1402,1248,2306,893,297,29,183,64,20,728,759,576,38,46,6,45,0,113,162,1458,509,0,0.2508,0.3235,0.4125,760.1560,4.6945,0.1617,0.0000,0.7360,76.1905,0.0000
10,2014,100,0,2,1,0,6270,5591,1411,1196,2150,981,260,31,139,56,14,657,684,573,60,41,16,48,1,149,162,1458,430,0,0.2524,0.3238,0.3845,699.9029,4.2880,0.1322,0.0000,0.7084,80.0000,0.0000
10,2015,100,0,2,1,0,6193,5619,1399,1163,2238,894,319,38,148,48,32,663,689,488,58,40,5,40,1,143,162,1458,505,0,0.2490,0.3115,0.3983,681.4918,4.1442,0.1493,0.0000,0.7098,60.0000,0.0000
10,2016,100,0,2,1,0,5973,5492,1245,1252,2009,808,259,29,149,35,7,558,575,411,36,36,7,26,1,132,162,1458,437,0,0.2267,0.2837,0.3658,559.4181,3.4180,0.1391,0.0000,0.6495,83.3333,0.0000
10,2017,100,0,2,1,0,6046,5473,1143,1524,1899,733,227,20,163,28,19,505,534,489,38,45,9,27,3,116,162,1458,410,0,0.2088,0.2779,0.3470,525.9692,3.1551,0.1381,0.0000,0.6249,59.5745,0.0000
11,2000,100,0,2,1,0,6531,5666,1497,1087,2403,999,277,34,187,135,43,835,861,739,43,40,30,56,0,130,162,1458,498,0,0.2642,0.3501,0.4241,872.3956,5.3195,0.1599,0.0000,0.7742,75.8427,0.0000
11,2001,100,0,2,1,0,6397,5689,1584,982,2402,1105,293,33,153,142,76,784,813,563,44,66,33,46,0,113,162,1458,479,0,0.2784,0.3477,0.4222,844.4734,5.2140,0.1438,0.0000,0.7700,65.1376,0.0000
11,2002,100,0,2,1,0,6253,5579,1410,967,2143,966,287,25,132,109,53,696,736,541,49,63,18,47,5,147,162,1458,444,0,0.2527,0.3233,0.3841,690.3478,4.2037,0.1314,0.0000,0.7074,67.2840,0.0000
11,2003,100,0,2,1,0,6390,5680,1501,1047,2253,1044,292,35,130,130,45,707,740,579,24,56,24,51,0,133,162,1458,457,0,0.2643,0.3355,0.3967,771.6971,4.7012,0.1324,0.0000,0.7322,74.2857,0.0000
11,2004,100,0,2,1,0,6401,5821,1592,1083,2430,1094,312,32,154,102,40,731,754,467,36,55,17,41,0,136,162,1458,498,0,0.2735,0.3311,0.4175,799.1669,4.8348,0.1440,0.0000,0.7486,71.8310,0.0000
11,2005,100,0,2,1,0,6228,5723,1490,1043,2259,1033,282,38,137,139,52,656,675,401,45,54,16,33,1,126,162,1458,457,0,0.2604,0.3132,0.3947,699.0135,4.2317,0.1344,0.0000,0.7079,72.7749,0.0000
11,2006,100,0,2,1,0,6092,5644,1545,918,2427,1053,281,32,179,92,29,715,741,316,18,76,20,35,1,161,162,1458,492,0,0.2737,0.3191,0.4300,745.9182,4.6362,0.1563,0.0000,0.7491,76.0331,0.0000
11,2007,100,0,2,1,0,6270,5806,1558,939,2327,1102,287,25,144,62,29,668,697,339,21,64,16,42,3,165,162,1458,456,0,0.2683,0.3137,0.4008,701.7023,4.2102,0.1324,0.0000,0.7145,68.1319,0.0000
11,2008,100,0,2,1,0,6109,5638,1481,914,2214,1040,285,20,136,76,30,638,674,378,34,41,17,34,1,165,162,1458,441,0,0.2627,0.3119,0.3927,664.3973,4.0742,0.1300,0.0000,0.7046,71.6981,0.0000
11,2009,100,0,2,1,0,6087,5565,1399,1085,2138,966,271,18,144,89,32,619,639,417,25,46,21,38,0,141,162,1458,433,0,0.2514,0.3070,0.3842,646.1986,3.9671,0.1328,0.0000,0.6911,73.5537,0.0000
11,2010,100,0,2,1,0,6047,5533,1321,1217,1925,938,264,17,102,94,29,529,557,426,36,40,10,37,1,139,162,1458,383,0,0.2387,0.2961,0.3479,565.0487,3.4462,0.1092,0.0000,0.6440,76.4228,0.0000
11,2011,100,0,2,1,0,6227,5629,1326,1278,2005,896,294,23,113,92,49,533,557,505,62,34,33,24,2,100,162,1458,430,0,0.2356,0.3012,0.3562,608.2496,3.6422,0.1206,0.0000,0.6574,65.2482,0.0000
11,2012,100,0,2,1,0,6049,5458,1351,1231,2161,885,281,26,159,80,54,652,682,491,34,42,12,44,2,131,162,1458,466,0,0.2475,0.3122,0.3959,663.4894,4.1201,0.1484,0.0000,0.7081,59.7015,0.0000
11,2013,100,0,2,1,0,6113,5564,1237,1356,1977,803,270,22,142,36,29,562,583,459,31,35,10,42,3,114,162,1458,434,0,0.2223,0.2838,0.3553,557.0059,3.3258,0.1330,0.0000,0.6391,55.3846,0.0000
11,2014,100,0,2,1,0,6130,5611,1372,1293,2097,950,251,39,132,63,27,611,627,413,36,43,12,50,1,109,162,1458,422,0,0.2445,0.2988,0.3737,626.9979,3.8154,0.1292,0.0000,0.6726,70.0000,0.0000
11,2015,100,0,2,1,0,6115,5540,1377,1283,2236,901,271,27,178,60,20,664,688,458,45,57,14,45,1,118,162,1458,476,0,0.2486,0.3102,0.4036,694.2788,4.2994,0.1551,0.0000,0.7138,75.0000,0.0000
11,2016,100,0,2,1,0,6254,5687,1427,1339,2241,964,274,27,162,74,44,646,677,472,37,51,9,35,0,119,162,1458,463,0,0.2509,0.3122,0.3941,693.9755,4.1946,0.1431,0.0000,0.7063,62.7119,0.0000
11,2017,100,0,2,1,0,6133,5539,1321,1279,1972,952,219,18,132,107,41,563,589,513,50,38,9,33,1,119,162,1458,369,0,0.2385,0.3057,0.3560,608.5641,3.7175,0.1175,0.0000,0.6618,72.2973,0.0000
12,2000,100,0,0,1,0,6129,5544,1412,1041,2151,976,272,25,139,78,49,675,691,466,39,50,28,40,1,126,161,1449,436,0,0.2547,0.3161,0.3880,672.5192,4.1504,0.1333,0.0000,0.7041,61.4173,0.0000
12,2001,100,0,0,1,0,6271,5646,1432,1125,2204,973,284,37,138,154,51,672,699,480,56,65,27,52,1,139,162,1458,459,0,0.2536,0.3167,0.3904,698.9251,4.2095,0.1367,0.0000,0.7070,75.1220,0.0000
12,2002,100,0,0,1,0,6129,5605,1433,1048,2192,957,318,33,125,127,52,629,659,403,47,56,25,40,0,133,161,1449,476,0,0.2557,0.3100,0.3911,668.1391,4.0795,0.1354,0.0000,0.7010,70.9497,0.0000
12,2003,100,0,0,1,0,6176,5672,1494,970,2377,967,327,44,156,175,73,719,742,391,61,50,16,47,0,105,162,1458,527,0,0.2634,0.3141,0.4191,739.5445,4.5186,0.1557,0.0000,0.7332,70.5645,0.0000
12,2004,100,0,0,1,0,6308,5738,1536,1016,2350,1047,302,49,138,168,76,745,778,451,46,49,12,58,0,121,161,1449,489,0,0.2677,0.3234,0.4096,755.5993,4.5650,0.1419,0.0000,0.7329,68.8525,0.0000
12,2005,100,0,0,1,0,6128,5638,1433,1013,2260,945,296,45,147,138,45,672,703,360,43,66,20,44,0,125,162,1458,488,0,0.2542,0.3044,0.4009,679.2988,4.1318,0.1467,0.0000,0.7052,75.4098,0.0000
12,2006,100,0,0,1,0,6276,5713,1437,1194,2311,968,248,37,184,155,38,692,724,445,44,65,15,38,0,114,162,1458,469,0,0.2515,0.3110,0.4045,726.5574,4.3778,0.1530,0.0000,0.7155,80.3109,0.0000
12,2007,100,0,0,1,0,6184,5538,1420,1243,2239,955,275,26,164,153,53,689,720,522,41,68,15,41,0,133,162,1458,465,0,0.2564,0.3258,0.4043,734.5611,4.5489,0.1479,0.0000,0.7301,74.2718,0.0000
12,2008,100,0,0,1,0,6401,5625,1452,1329,2353,943,291,44,174,171,61,783,819,653,36,54,22,45,2,102,162,1458,509,0,0.2581,0.3386,0.4183,826.9785,5.0712,0.1602,0.0000,0.7569,73.7069,0.0000
12,2009,100,0,0,1,0,6336,5618,1403,1263,2253,919,288,26,170,169,55,712,728,618,35,48,11,41,0,93,162,1458,484,0,0.2497,0.3271,0.4010,767.6663,4.6947,0.1513,0.0000,0.7281,75.4464,0.0000
12,2010,100,0,0,1,0,6180,5494,1347,1282,2203,878,258,35,176,117,50,696,711,569,36,59,9,49,0,108,162,1458,469,0,0.2452,0.3200,0.4010,719.7202,4.4539,0.1558,0.0000,0.7210,70.0599,0.0000
12,2011,100,0,0,1,0,6320,5603,1390,1256,2270,890,292,36,172,109,46,734,766,572,67,76,16,52,1,96,162,1458,500,0,0.2481,0.3233,0.4051,754.0493,4.6031,0.1571,0.0000,0.7285,70.3226,0.0000
12,2012,100,0,0,1,0,6144,5490,1305,1303,2122,846,266,28,165,73,34,641,662,544,37,60,13,37,0,119,162,1458,459,0,0.2377,0.3114,0.3865,666.8970,4.1035,0.1488,0.0000,0.6979,68.2243,0.0000
12,2013,100,0,0,1,0,6114,5526,1369,1215,2127,922,280,23,144,33,12,616,639,501,37,41,13,33,0,137,162,1458,447,0,0.2477,0.3132,0.3849,662.6607,4.1112,0.1372,0.0000,0.6981,73.3333,0.0000
12,2014,100,0,0,1,0,6266,5645,1449,1199,2155,1009,298,18,124,45,22,632,666,496,20,79,8,36,2,171,162,1458,440,0,0.2567,0.3235,0.3818,685.6253,4.1759,0.1251,0.0000,0.7053,67.1642,0.0000
12,2015,100,0,0,1,0,6029,5484,1279,1327,2038,842,267,18,152,46,17,555,575,414,39,87,14,30,0,128,162,1458,437,0,0.2332,0.2959,0.3716,597.9506,3.6743,0.1384,0.0000,0.6676,73.0159,0.0000
12,2016,100,0,0,1,0,6051,5506,1258,1598,2155,781,256,22,199,53,24,559,579,437,38,72,11,24,1,103,162,1458,477,0,0.2285,0.2926,0.3914,629.7654,3.8557,0.1629,0.0000,0.6840,68.8312,0.0000
12,2017,100,0,0,1,0,6097,5507,1301,1564,2307,780,265,27,229,38,16,663,685,477,28,60,15,38,0,119,162,1458,521,0,0.2362,0.3022,0.4189,694.5681,4.2679,0.1827,0.0000,0.7211,70.3704,0.0000
13,2000,100,0,2,1,0,6397,5799,1625,920,2490,1114,318,32,161,69,29,763,794,480,42,42,24,51,1,152,162,1458,511,0,0.2802,0.3369,0.4294,826.7528,5.0389,0.1492,0.0000,0.7663,70.4082,0.0000
13,2001,100,0,2,1,0,6464,5820,1641,1044,2730,1063,307,31,240,56,22,916,944,515,50,59,18,52,0,143,162,1458,578,0,0.2820,0.3436,0.4691,929.7816,5.6874,0.1871,0.0000,0.8127,71.7949,0.0000
13,2002,100,0,2,1,0,6361,5736,1623,994,2714,1050,297,34,242,54,25,847,868,486,44,72,21,45,1,154,162,1458,573,0,0.2829,0.3441,0.4732,916.0220,5.6752,0.1902,0.0000,0.8172,68.3544,0.0000
13,2003,100,0,2,1,0,6222,5630,1463,1052,2454,941,272,31,219,35,18,765,787,456,26,75,14,46,1,118,162,1458,522,0,0.2599,0.3213,0.4359,786.8948,4.8696,0.1760,0.0000,0.7571,66.0377,0.0000
13,2004,100,0,2,1,0,6452,5851,1638,1139,2812,1017,326,37,258,58,29,907,934,489,33,46,15,48,3,117,162,1458,621,0,0.2800,0.3377,0.4806,944.6467,5.7679,0.2006,0.0000,0.8183,66.6667,0.0000
13,2005,100,0,2,1,0,6175,5633,1551,1037,2612,1008,265,38,240,51,27,813,837,438,31,46,17,39,2,142,162,1458,543,0,0.2753,0.3306,0.4637,841.9883,5.2783,0.1884,0.0000,0.7943,65.3846,0.0000
13,2006,100,0,2,1,0,6350,5727,1603,1039,2644,1025,334,25,219,42,26,855,879,506,34,58,22,37,0,143,162,1458,578,0,0.2799,0.3424,0.4617,891.8065,5.5328,0.1818,0.0000,0.8041,61.7647,0.0000
13,2007,100,0,2,1,0,6325,5703,1485,1215,2434,940,326,34,185,39,19,707,728,497,48,54,30,40,1,142,162,1458,545,0,0.2604,0.3235,0.4268,777.2355,4.7169,0.1664,0.0000,0.7503,67.2414,0.0000
13,2008,100,0,2,1,0,6377,5710,1574,1232,2520,1033,321,35,185,44,16,811,835,553,48,49,28,37,0,129,162,1458,541,0,0.2757,0.3427,0.4413,866.5175,5.3833,0.1657,0.0000,0.7841,73.3333,0.0000
13,2009,100,0,2,1,0,6240,5672,1528,1212,2530,1005,269,29,225,146,50,791,810,472,47,34,21,40,1,99,162,1458,523,0,0.2694,0.3271,0.4461,832.9712,5.1654,0.1767,0.0000,0.7732,74.4898,0.0000
13,2010,100,0,2,1,0,6300,5741,1614,1029,2505,1130,268,25,191,105,23,839,873,460,47,31,26,41,1,149,162,1458,484,0,0.2811,0.3356,0.4363,831.5920,5.1427,0.1552,0.0000,0.7719,82.0313,0.0000
13,2011,100,0,2,1,0,6345,5722,1572,1086,2441,1091,271,32,178,91,34,774,811,503,48,38,28,53,1,127,162,1458,481,0,0.2747,0.3345,0.4266,818.0369,5.0289,0.1519,0.0000,0.7611,72.8000,0.0000
13,2012,100,0,2,1,0,6234,5617,1526,1099,2539,993,282,22,229,93,36,804,830,506,23,57,14,40,0,134,162,1458,533,0,0.2717,0.3359,0.4520,848.3248,5.3082,0.1803,0.0000,0.7879,72.0930,0.0000
13,2013,100,0,2,1,0,6289,5743,1509,1150,2356,1033,275,31,170,79,29,712,738,419,39,61,17,49,0,127,162,1458,476,0,0.2628,0.3171,0.4102,742.0779,4.4964,0.1475,0.0000,0.7274,73.1481,0.0000
13,2014,100,0,2,1,0,6179,5627,1327,1252,2063,896,258,41,132,57,35,589,611,427,47,76,13,35,1,103,162,1458,431,0,0.2358,0.2968,0.3666,612.4284,3.6860,0.1308,0.0000,0.6635,61.9565,0.0000
13,2015,100,0,2,1,0,6127,5573,1382,1310,2173,940,253,29,160,69,31,648,675,416,36,95,9,34,0,132,162,1458,442,0,0.2480,0.3094,0.3899,664.8768,4.0827,0.1419,0.0000,0.6993,69.0000,0.0000
13,2016,100,0,2,1,0,6260,5674,1481,1260,2422,961,291,37,192,86,41,743,773,464,49,67,12,41,2,118,162,1458,520,0,0.2610,0.3221,0.4269,775.6662,4.7544,0.1658,0.0000,0.7490,67.7165,0.0000
13,2017,100,0,2,1,0,6185,5654,1418,1332,2277,944,262,39,173,105,41,646,671,425,33,59,12,34,1,115,162,1458,474,0,0.2508,0.3082,0.4027,698.1685,4.2475,0.1519,0.0000,0.7109,71.9178,0.0000
14,2000,100,0,0,1,0,6454,5788,1667,1021,2698,1082,353,18,214,84,32,912,936,516,67,67,27,56,0,144,162,1458,585,0,0.2880,0.3501,0.4661,938.0239,5.7823,0.1781,0.0000,0.8162,72.4138,0.0000
14,2001,100,0,0,1,0,6250,5668,1463,1040,2441,929,296,32,206,90,46,746,765,443,67,74,17,46,2,114,162,1458,534,0,0.2581,0.3178,0.4307,768.3033,4.6848,0.1725,0.0000,0.7484,66.1765,0.0000
14,2002,100,0,0,1,0,6360,5667,1468,1177,2442,922,313,38,195,60,29,823,849,570,45,76,15,32,0,124,162,1458,546,0,0.2590,0.3332,0.4309,818.2858,5.0224,0.1719,0.0000,0.7641,67.4157,0.0000
14,2003,100,0,0,1,0,6363,5757,1556,1065,2490,1017,325,33,181,24,8,778,806,471,37,77,8,49,1,157,162,1458,539,0,0.2703,0.3311,0.4325,812.2283,4.9582,0.1622,0.0000,0.7636,75.0000,0.0000
14,2004,100,0,0,1,0,6433,5691,1521,1152,2409,982,349,31,159,32,15,762,790,591,37,93,19,37,2,148,161,1449,539,0,0.2673,0.3439,0.4233,832.8604,5.1235,0.1560,0.0000,0.7672,68.0851,0.0000
14,2005,100,0,0,1,0,6329,5730,1575,848,2541,995,363,48,169,64,22,793,814,471,37,60,21,46,1,130,162,1458,580,0,0.2749,0.3339,0.4435,845.3212,5.2180,0.1686,0.0000,0.7774,74.4186,0.0000
14,2006,100,0,0,1,0,6360,5733,1673,885,2792,1056,344,44,229,56,24,904,930,481,49,75,18,52,1,181,162,1458,617,0,0.2918,0.3515,0.4870,951.4742,5.9261,0.1952,0.0000,0.8385,70.0000,0.0000
14,2007,100,0,0,1,0,6347,5672,1508,1051,2400,1004,299,22,183,76,25,780,803,548,38,55,17,54,1,145,162,1458,504,0,0.2659,0.3335,0.4231,802.3799,4.9181,0.1573,0.0000,0.7567,75.2475,0.0000
14,2008,100,0,0,1,0,6421,5752,1561,1042,2469,1014,351,31,165,46,36,781,813,561,41,34,25,49,0,161,162,1458,547,0,0.2714,0.3371,0.4292,816.2571,4.9393,0.1579,0.0000,0.7663,56.0976,0.0000
14,2009,100,0,0,1,0,6340,5730,1493,989,2440,961,315,19,198,63,23,765,785,505,40,43,9,50,3,149,163,1467,532,0,0.2606,0.3225,0.4258,777.3058,4.6972,0.1653,0.0000,0.7484,73.2558,0.0000
14,2010,100,0,0,1,0,6221,5618,1401,1110,2457,844,296,23,238,45,23,724,746,503,45,55,7,36,2,129,162,1458,557,0,0.2494,0.3154,0.4373,765.9600,4.6874,0.1880,0.0000,0.7527,66.1765,0.0000
14,2011,100,0,0,1,0,6222,5625,1459,1155,2441,934,284,25,216,98,14,781,800,480,44,56,20,37,4,133,162,1458,525,0,0.2594,0.3219,0.4340,787.4418,4.8652,0.1746,0.0000,0.7558,87.5000,0.0000
14,2012,100,0,0,1,0,6219,5565,1407,1281,2390,909,245,21,232,103,27,771,795,535,38,52,13,51,3,124,162,1458,498,0,0.2528,0.3215,0.4295,776.6869,4.7955,0.1766,0.0000,0.7509,79.2308,0.0000
14,2013,100,0,0,1,0,6307,5658,1519,1174,2465,1025,258,20,216,102,42,784,815,550,33,45,11,43,0,145,162,1458,494,0,0.2685,0.3358,0.4357,822.5696,5.0706,0.1672,0.0000,0.7714,70.8333,0.0000
14,2014,100,0,0,1,0,6190,5574,1396,1230,2243,905,301,24,166,56,17,664,697,500,44,43,20,53,0,133,162,1458,491,0,0.2504,0.3143,0.4024,705.1435,4.3260,0.1520,0.0000,0.7167,76.7123,0.0000
14,2015,100,0,0,1,0,6108,5490,1359,1273,2299,859,267,26,207,50,24,705,721,524,33,39,14,41,0,132,162,1458,500,0,0.2475,0.3154,0.4188,720.3360,4.4793,0.1712,0.0000,0.7342,67.5676,0.0000
14,2016,100,0,0,1,0,6273,5597,1429,1321,2490,913,235,17,264,49,23,788,816,583,52,47,7,39,0,139,162,1458,516,0,0.2553,0.3286,0.4449,813.3784,5.0186,0.1896,0.0000,0.7735,68.0556,0.0000
14,2017,100,0,0,1,0,6280,5566,1437,1330,2469,914,262,13,248,80,21,776,808,609,43,55,13,34,3,116,162,1458,523,0,0.2582,0.3354,0.4436,843.7034,5.2817,0.1854,0.0000,0.7790,79.2079,0.0000
15,2000,100,1,2,1,0,6407,5692,1529,1030,2538,991,277,51,210,80,43,788,818,543,56,57,72,43,0,118,162,1458,538,0,0.2686,0.3361,0.4459,854.1740,5.1955,0.1773,0.0000,0.7820,65.0407,0.0000
15,2001,100,1,2,1,0,6292,5617,1462,1144,2413,964,258,27,213,90,42,761,782,523,59,57,48,46,1,117,162,1458,498,0,0.2603,0.3271,0.4296,791.4347,4.8477,0.1693,0.0000,0.7567,68.1818,0.0000
15,2002,100,1,2,1,0,6369,5657,1485,1068,2192,1043,290,39,113,76,36,664,705,558,61,39,71,44,0,129,162,1458,442,0,0.2625,0.3306,0.3875,731.6083,4.4370,0.1250,0.0000,0.7181,67.8571,0.0000
15,2003,100,1,2,1,0,6437,5718,1617,995,2564,1064,336,40,177,65,31,834,868,545,79,52,70,51,1,126,162,1458,553,0,0.2828,0.3478,0.4484,893.4335,5.5087,0.1656,0.0000,0.7962,67.7083,0.0000
15,2004,100,1,2,1,0,6198,5587,1372,1036,2174,894,297,38,143,34,17,623,639,452,61,65,56,37,1,149,162,1458,478,0,0.2456,0.3076,0.3891,655.7799,3.9575,0.1435,0.0000,0.6967,66.6667,0.0000
15,2005,100,1,2,1,0,6175,5442,1397,1022,2207,923,290,32,152,59,29,654,679,546,48,54,82,51,0,146,162,1458,474,0,0.2567,0.3278,0.4055,723.0050,4.4845,0.1488,0.0000,0.7333,67.0455,0.0000
15,2006,100,1,2,1,0,6481,5749,1585,1048,2495,1027,365,34,159,85,35,787,813,536,66,69,62,65,0,135,162,1458,558,0,0.2757,0.3412,0.4340,855.6809,5.1790,0.1583,0.0000,0.7752,70.8333,0.0000
15,2007,100,1,2,1,0,6481,5675,1563,1127,2571,1003,314,44,202,81,27,835,855,603,52,77,73,52,1,137,162,1458,560,0,0.2754,0.3501,0.4530,911.6158,5.5927,0.1776,0.0000,0.8031,75.0000,0.0000
15,2008,100,1,2,1,0,6549,5729,1544,1287,2535,995,312,32,205,111,40,873,904,664,61,41,66,49,0,125,162,1458,549,0,0.2695,0.3469,0.4425,897.3579,5.4264,0.1730,0.0000,0.7894,73.5099,0.0000
15,2009,100,1,2,1,0,6407,5626,1524,1245,2486,968,324,58,174,87,46,821,843,613,58,58,60,48,2,114,162,1458,556,0,0.2709,0.3459,0.4419,872.7084,5.3920,0.1710,0.0000,0.7878,65.4135,0.0000
15,2010,100,1,2,1,0,6461,5612,1383,1468,2264,905,258,37,183,88,33,747,776,690,61,49,65,45,0,103,162,1458,478,0,0.2464,0.3318,0.4034,781.7481,4.7167,0.1570,0.0000,0.7352,72.7273,0.0000
15,2011,100,1,2,1,0,6373,5622,1389,1373,2185,928,279,29,153,115,64,659,683,601,60,49,64,36,1,95,162,1458,461,0,0.2471,0.3232,0.3887,722.9090,4.3452,0.1416,0.0000,0.7119,64.2458,0.0000
15,2012,100,1,2,1,0,6210,5505,1358,1341,2169,915,242,34,167,51,18,669,700,551,55,57,60,36,1,126,162,1458,443,0,0.2467,0.3197,0.3940,701.1047,4.3150,0.1473,0.0000,0.7137,73.9130,0.0000
15,2013,100,1,2,1,0,6354,5747,1482,1298,2256,1014,296,38,134,45,15,620,649,480,73,45,48,33,1,145,162,1458,468,0,0.2579,0.3183,0.3926,709.0991,4.2489,0.1347,0.0000,0.7109,75.0000,0.0000
15,2014,100,1,2,1,0,6425,5734,1537,1262,2297,1064,301,57,115,63,26,722,740,525,69,45,63,58,0,130,162,1458,473,0,0.2681,0.3312,0.4006,766.1099,4.6234,0.1325,0.0000,0.7318,70.7865,0.0000
15,2015,100,1,2,1,0,6372,5729,1573,1270,2580,1013,311,51,198,113,33,796,823,512,62,38,52,41,0,117,162,1458,560,0,0.2746,0.3359,0.4503,871.3154,5.3479,0.1758,0.0000,0.7863,77.3973,0.0000
15,2016,100,1,2,1,0,6324,5693,1507,1341,2405,996,294,47,170,144,51,714,757,505,58,43,51,31,1,108,162,1458,511,0,0.2647,0.3276,0.4224,794.5988,4.8462,0.1577,0.0000,0.7501,73.8462,0.0000
15,2017,100,1,2,1,0,6429,5740,1609,1422,2530,1088,294,54,173,194,49,831,859,494,54,63,69,61,2,86,162,1458,521,0,0.2803,0.3407,0.4408,894.0761,5.4914,0.1605,0.0000,0.7814,79.8354,0.0000
16,2000,100,1,0,1,0,6400,5669,1439,1129,2277,972,268,27,172,127,57,731,755,556,56,58,69,47,1,112,162,1458,467,0,0.2538,0.3243,0.4017,750.3143,4.4869,0.1478,0.0000,0.7260,69.0217,0.0000
16,2001,100,1,0,1,0,6222,5589,1526,1116,2395,1034,289,29,174,100,44,759,780,476,70,44,77,35,1,124,162,1458,492,0,0.2730,0.3330,0.4285,791.6037,4.9213,0.1555,0.0000,0.7615,69.4444,0.0000
16,2002,100,1,0,1,0,6254,5498,1484,1025,2425,970,286,29,199,75,32,771,802,581,63,59,71,45,0,160,160,1440,514,0,0.2699,0.3435,0.4411,826.1632,5.1611,0.1712,0.0000,0.7846,70.0935,0.0000
16,2003,100,1,0,1,0,6420,5677,1605,1001,2652,1054,290,26,235,76,32,867,900,588,40,60,55,38,2,134,162,1458,551,0,0.2827,0.3541,0.4671,942.3563,5.8748,0.1844,0.0000,0.8212,70.3704,0.0000
16,2004,100,1,0,1,0,6435,5629,1499,1161,2479,929,345,40,185,80,26,827,857,654,60,53,54,44,1,127,162,1458,570,0,0.2663,0.3458,0.4404,874.2257,5.3878,0.1741,0.0000,0.7862,75.4717,0.0000
16,2005,100,1,0,1,0,6448,5721,1578,1103,2530,1034,323,34,187,85,32,828,856,559,62,56,67,41,4,113,162,1458,544,0,0.2758,0.3439,0.4422,881.6634,5.4151,0.1664,0.0000,0.7861,72.6496,0.0000
16,2006,100,1,0,1,0,6395,5635,1509,1204,2526,962,297,30,220,32,22,798,818,580,60,51,78,50,1,138,162,1458,547,0,0.2678,0.3388,0.4483,853.9516,5.2235,0.1805,0.0000,0.7871,59.2593,0.0000
16,2007,100,1,0,1,0,6359,5617,1439,1144,2336,942,287,20,190,49,26,712,741,586,46,39,66,51,0,114,162,1458,497,0,0.2562,0.3280,0.4159,778.4530,4.7392,0.1597,0.0000,0.7439,65.3333,0.0000
16,2008,100,1,0,1,0,6334,5648,1527,1026,2372,1029,309,31,158,49,18,772,814,536,50,57,51,41,1,141,162,1458,498,0,0.2704,0.3375,0.4200,800.9042,4.9461,0.1496,0.0000,0.7574,73.1343,0.0000
16,2009,100,1,0,1,0,6473,5725,1549,1059,2345,1066,314,25,144,27,16,708,728,577,43,55,84,31,1,148,162,1458,483,0,0.2706,0.3414,0.4096,801.5580,4.8579,0.1390,0.0000,0.7510,62.7907,0.0000
16,2010,100,1,0,1,0,6301,5606,1437,1177,2253,958,301,19,159,25,10,710,728,548,63,43,68,36,0,142,163,1467,479,0,0.2563,0.3254,0.4019,731.6311,4.4642,0.1456,0.0000,0.7273,71.4286,0.0000
16,2011,100,1,0,1,0,6273,5575,1364,1245,2176,914,261,16,173,38,16,653,678,552,47,46,58,41,1,124,162,1458,450,0,0.2447,0.3157,0.3903,694.4342,4.2134,0.1457,0.0000,0.7061,70.3704,0.0000
16,2012,100,1,0,1,0,6237,5608,1345,1344,2066,920,264,26,135,37,17,584,609,486,54,51,59,32,1,133,162,1458,425,0,0.2398,0.3047,0.3684,627.1806,3.7597,0.1286,0.0000,0.6731,68.5185,0.0000
16,2013,100,1,0,1,0,6364,5698,1440,1411,2284,967,279,17,177,59,25,690,719,520,69,47,57,41,1,126,162,1458,473,0,0.2527,0.3183,0.4008,727.7923,4.3600,0.1481,0.0000,0.7191,70.2381,0.0000
16,2014,100,1,0,1,0,6126,5489,1336,1238,2028,912,272,36,116,46,19,591,605,477,65,46,79,35,0,116,162,1458,424,0,0.2434,0.3074,0.3695,627.6531,3.8498,0.1261,0.0000,0.6769,70.7692,0.0000
16,2015,100,1,0,1,0,6256,5666,1425,1234,2088,987,311,29,98,55,14,587,614,459,59,41,60,29,1,161,162,1458,438,0,0.2515,0.3107,0.3685,637.2014,3.8190,0.1170,0.0000,0.6792,79.7101,0.0000
16,2016,100,1,0,1,0,6269,5679,1439,1256,2176,992,288,28,131,53,21,620,641,439,57,65,46,39,1,141,162,1458,447,0,0.2534,0.3123,0.3832,671.7052,4.0419,0.1298,0.0000,0.6954,71.6216,0.0000
16,2017,100,1,0,1,0,6164,5625,1325,1456,2025,902,271,27,125,48,19,511,541,399,44,57,51,29,3,137,162,1458,423,0,0.2356,0.2915,0.3600,579.9148,3.4519,0.1244,0.0000,0.6515,71.6418,0.0000
17,2000,100,1,1,1,0,6307,5603,1418,1126,2257,954,265,23,176,58,28,693,718,543,67,46,77,37,1,120,162,1458,464,0,0.2531,0.3222,0.4028,731.7373,4.4427,0.1497,0.0000,0.7250,67.4419,0.0000
17,2001,100,1,1,1,0,6246,5544,1409,1065,2279,914,298,19,178,102,35,689,714,545,86,49,73,34,1,130,162,1458,495,0,0.2541,0.3245,0.4111,741.6043,4.5435,0.1569,0.0000,0.7356,74.4526,0.0000
17,2002,100,1,1,1,0,6352,5548,1436,1187,2430,905,283,33,215,74,35,788,823,653,60,51,65,34,1,135,162,1458,531,0,0.2588,0.3404,0.4380,833.5975,5.1374,0.1792,0.0000,0.7784,67.8899,0.0000
17,2003,100,1,1,1,0,6205,5490,1391,1116,2240,919,272,23,177,66,32,686,702,564,90,38,68,44,1,143,162,1458,472,0,0.2534,0.3248,0.4080,722.5349,4.4479,0.1546,0.0000,0.7328,67.3469,0.0000
17,2004,100,1,1,1,0,6380,5659,1505,1052,2490,951,329,19,206,60,31,791,810,569,73,41,65,45,1,127,162,1458,554,0,0.2659,0.3350,0.4400,833.8556,5.0914,0.1741,0.0000,0.7750,65.9341,0.0000
17,2005,100,1,1,1,0,6325,5710,1480,970,2361,980,297,25,178,84,41,709,733,476,74,44,66,28,1,115,162,1458,500,0,0.2592,0.3196,0.4135,749.2402,4.5155,0.1543,0.0000,0.7331,67.2000,0.0000
17,2006,100,1,1,1,0,6303,5648,1545,936,2444,1026,309,40,170,100,55,796,819,489,79,47,67,52,0,123,162,1458,519,0,0.2735,0.3337,0.4327,808.1485,4.9591,0.1592,0.0000,0.7664,64.5161,0.0000
17,2007,100,1,1,1,0,6389,5676,1570,1054,2517,1030,321,31,188,91,31,799,825,539,69,72,61,41,0,137,162,1458,540,0,0.2766,0.3447,0.4434,869.0590,5.3621,0.1668,0.0000,0.7881,74.5902,0.0000
17,2008,100,1,1,1,0,6472,5708,1550,1157,2445,1032,315,29,174,95,44,815,849,604,66,57,58,45,0,138,161,1449,518,0,0.2715,0.3447,0.4283,847.2956,5.1490,0.1568,0.0000,0.7731,68.3453,0.0000
17,2009,100,1,1,1,0,6413,5618,1510,1185,2375,980,347,31,152,45,27,730,756,651,75,47,54,42,1,156,161,1449,530,0,0.2688,0.3473,0.4227,824.3695,5.0736,0.1540,0.0000,0.7700,62.5000,0.0000
17,2010,100,1,1,1,0,6156,5580,1439,1265,2268,945,310,33,151,38,15,663,694,445,52,43,53,34,1,155,162,1458,494,0,0.2579,0.3158,0.4065,698.3354,4.2872,0.1486,0.0000,0.7222,71.6981,0.0000
17,2011,100,1,1,1,0,6159,5585,1371,1257,2169,903,284,38,146,51,17,627,648,427,65,65,53,28,1,129,162,1458,468,0,0.2455,0.3052,0.3884,654.8635,3.9814,0.1429,0.0000,0.6935,75.0000,0.0000
17,2012,100,1,1,1,0,6125,5570,1328,1352,2069,885,277,34,132,65,31,571,599,408,55,64,55,28,0,124,162,1458,443,0,0.2384,0.2965,0.3715,605.4621,3.6490,0.1330,0.0000,0.6680,67.7083,0.0000
17,2013,100,1,1,1,0,6212,5620,1395,1315,2197,933,280,24,158,41,29,643,661,439,63,71,44,36,2,129,162,1458,462,0,0.2482,0.3090,0.3909,668.4568,4.0440,0.1427,0.0000,0.6999,58.5714,0.0000
17,2014,100,1,1,1,0,6283,5609,1324,1413,2105,859,287,40,138,63,23,579,599,515,57,71,56,31,1,111,162,1458,465,0,0.2360,0.3068,0.3753,656.0457,3.9310,0.1392,0.0000,0.6821,73.2558,0.0000
17,2015,100,1,1,1,0,6458,5629,1359,1420,2201,876,286,35,162,26,17,692,712,642,80,93,59,33,2,113,162,1458,483,0,0.2414,0.3273,0.3910,740.0471,4.4482,0.1496,0.0000,0.7184,60.4651,0.0000
17,2016,100,1,1,1,0,6528,5632,1462,1416,2373,952,299,21,190,54,29,769,800,695,53,98,67,36,0,121,162,1458,510,0,0.2596,0.3490,0.4213,853.5569,5.2105,0.1618,0.0000,0.7704,65.0602,0.0000
17,2017,100,1,1,1,0,6468,5634,1428,1493,2403,901,286,34,207,59,20,791,826,640,68,95,64,34,1,111,162,1458,527,0,0.2535,0.3378,0.4265,835.1906,5.0846,0.1731,0.0000,0.7643,74.6835,0.0000
18,2000,100,1,1,1,0,6377,5719,1569,1020,2543,1031,302,36,200,102,20,798,829,515,61,49,48,45,1,138,162,1458,538,0,0.2743,0.3371,0.4447,859.6268,5.2738,0.1703,0.0000,0.7817,83.6066,0.0000
18,2001,100,1,1,1,0,6204,5523,1413,1173,2253,928,294,27,164,72,35,690,717,507,57,77,56,41,0,136,162,1458,485,0,0.2558,0.3248,0.4079,729.3110,4.4978,0.1521,0.0000,0.7328,67.2897,0.0000
18,2002,100,1,1,1,0,6452,5616,1452,1246,2451,917,289,28,218,82,37,834,860,653,87,73,57,47,6,126,162,1458,535,0,0.2585,0.3409,0.4364,848.3444,5.1693,0.1779,0.0000,0.7773,68.9076,0.0000
18,2003,100,1,1,1,0,6222,5504,1361,1317,2217,881,275,34,171,70,29,724,744,554,58,77,51,36,0,104,162,1458,480,0,0.2473,0.3228,0.4028,731.2963,4.5256,0.1555,0.0000,0.7256,70.7071,0.0000
18,2004,100,1,1,1,0,6288,5482,1345,1284,2207,867,272,28,178,70,38,717,741,628,72,75,64,39,0,131,162,1458,478,0,0.2453,0.3290,0.4026,735.4098,4.5035,0.1572,0.0000,0.7316,64.8148,0.0000
18,2005,100,1,1,1,0,6365,5613,1487,1207,2351,987,310,16,174,78,36,744,771,588,60,74,55,35,0,143,162,1458,500,0,0.2649,0.3406,0.4188,803.1286,4.9339,0.1539,0.0000,0.7594,68.4211,0.0000
18,2006,100,1,1,1,0,6425,5675,1595,1156,2646,1030,317,10,238,113,42,899,929,590,58,64,61,34,1,144,162,1458,565,0,0.2811,0.3534,0.4663,934.2333,5.7841,0.1852,0.0000,0.8197,72.9032,0.0000
18,2007,100,1,1,1,0,6381,5601,1486,1161,2449,969,283,22,212,93,37,740,771,598,76,78,67,36,1,135,162,1458,517,0,0.2653,0.3425,0.4372,844.3214,5.1929,0.1719,0.0000,0.7797,71.5385,0.0000
18,2008,100,1,1,1,0,6309,5571,1410,1199,2313,904,291,33,182,98,50,694,720,589,76,66,54,27,2,109,162,1458,506,0,0.2531,0.3302,0.4152,772.6205,4.7400,0.1621,0.0000,0.7454,66.2162,0.0000
18,2009,100,1,1,1,0,6342,5636,1475,1162,2319,978,307,33,157,135,34,708,735,532,63,60,72,41,1,118,162,1458,497,0,0.2617,0.3297,0.4115,780.8283,4.7633,0.1498,0.0000,0.7412,79.8817,0.0000
18,2010,100,1,1,1,0,6294,5586,1445,1210,2299,978,263,21,183,63,26,689,710,547,52,57,62,41,1,125,162,1458,467,0,0.2587,0.3288,0.4116,762.7107,4.6856,0.1529,0.0000,0.7404,70.7865,0.0000
18,2011,100,1,1,1,0,6371,5635,1450,1259,2316,966,274,38,172,67,27,717,750,563,72,59,64,50,0,144,162,1458,484,0,0.2573,0.3285,0.4110,761.8084,4.6015,0.1537,0.0000,0.7395,71.2766,0.0000
18,2012,100,1,1,1,0,6184,5548,1399,1277,2222,933,273,29,164,56,18,658,691,471,51,49,74,42,0,111,162,1458,466,0,0.2522,0.3141,0.4005,704.3581,4.3281,0.1483,0.0000,0.7146,75.6757,0.0000
18,2013,100,1,1,1,0,6262,5532,1407,1271,2167,967,267,26,147,61,24,683,715,544,79,71,65,49,1,128,162,1458,440,0,0.2543,0.3263,0.3917,716.0299,4.4028,0.1374,0.0000,0.7181,71.7647,0.0000
18,2014,100,1,1,1,0,6144,5577,1366,1277,2048,931,301,21,113,99,28,562,589,435,61,48,48,35,1,126,162,1458,435,0,0.2449,0.3034,0.3672,621.4798,3.7725,0.1223,0.0000,0.6706,77.9528,0.0000
18,2015,100,1,1,1,0,6094,5527,1309,1291,2071,877,253,28,151,63,15,596,626,431,44,43,48,43,2,105,162,1458,432,0,0.2368,0.2950,0.3747,617.7232,3.7658,0.1379,0.0000,0.6697,80.7692,0.0000
18,2016,100,1,1,1,0,6087,5522,1355,1301,2147,919,241,34,161,142,58,609,640,421,41,51,58,35,0,97,162,1458,436,0,0.2454,0.3030,0.3888,654.0934,4.0001,0.1434,0.0000,0.6918,71.0000,0.0000
18,2017,100,1,1,1,0,6230,5608,1430,1460,2217,989,255,26,160,175,58,657,690,465,62,60,64,32,1,74,162,1458,441,0,0.2550,0.3171,0.3953,725.3076,4.4447,0.1403,0.0000,0.7124,75.1073,0.0000
19,2000,100,1,2,1,0,6555,5821,1721,979,2710,1154,339,34,194,153,73,905,936,588,70,43,73,29,1,127,162,1458,567,0,0.2957,0.3629,0.4656,981.2582,6.0186,0.1699,0.0000,0.8285,67.6991,0.0000
19,2001,100,1,2,1,0,6402,5703,1655,1001,2630,1098,328,40,189,108,96,844,875,520,62,57,61,60,1,125,162,1458,557,0,0.2902,0.3521,0.4612,905.7448,5.5706,0.1710,0.0000,0.8132,52.9412,0.0000
19,2002,100,1,2,1,0,6478,5771,1636,1073,2580,1106,297,52,181,119,83,865,904,545,48,56,61,45,0,138,162,1458,530,0,0.2835,0.3486,0.4471,884.0711,5.3496,0.1636,0.0000,0.7957,58.9109,0.0000
19,2003,100,1,2,1,0,6511,5680,1556,1156,2475,1015,334,36,171,74,38,850,878,662,59,46,64,58,1,148,162,1458,541,0,0.2739,0.3512,0.4357,876.4180,5.3392,0.1618,0.0000,0.7870,66.0714,0.0000
19,2004,100,1,2,1,0,6424,5706,1510,1177,2454,987,299,27,197,56,25,779,800,553,47,54,69,42,0,127,162,1458,523,0,0.2646,0.3331,0.4301,821.7395,4.9758,0.1654,0.0000,0.7632,69.1358,0.0000
19,2005,100,1,2,1,0,6333,5619,1497,1124,2348,973,343,35,146,79,39,741,776,527,54,64,80,43,0,119,162,1458,524,0,0.2664,0.3339,0.4179,790.1206,4.8452,0.1515,0.0000,0.7518,66.9492,0.0000
19,2006,100,1,2,1,0,6359,5593,1559,1153,2350,1064,330,34,131,90,47,782,822,543,46,79,83,60,1,136,162,1458,495,0,0.2787,0.3476,0.4202,823.6235,5.1004,0.1414,0.0000,0.7677,65.6934,0.0000
19,2007,100,1,2,1,0,6544,5761,1643,1133,2511,1100,365,31,147,132,34,829,867,602,53,64,74,41,2,142,162,1458,543,0,0.2852,0.3570,0.4359,912.5471,5.5883,0.1507,0.0000,0.7929,79.5181,0.0000
19,2008,100,1,2,1,0,6495,5690,1576,1227,2513,1042,316,33,185,148,52,872,907,644,63,48,72,41,0,113,162,1458,534,0,0.2770,0.3531,0.4417,910.5747,5.5978,0.1647,0.0000,0.7948,74.0000,0.0000
19,2009,100,1,2,1,0,6445,5622,1472,1357,2397,961,279,50,182,117,30,780,808,660,46,58,55,49,1,131,162,1458,511,0,0.2618,0.3428,0.4264,845.9330,5.1733,0.1645,0.0000,0.7691,79.5918,0.0000
19,2010,100,1,2,1,0,6366,5527,1485,1302,2443,968,274,45,198,116,41,796,828,663,58,57,66,53,0,111,162,1458,517,0,0.2687,0.3500,0.4420,882.7707,5.5263,0.1733,0.0000,0.7920,73.8854,0.0000
19,2011,100,1,2,1,0,6372,5604,1533,1239,2461,1027,277,36,193,77,39,846,876,593,48,63,83,29,0,125,162,1458,506,0,0.2736,0.3481,0.4392,863.5678,5.3638,0.1656,0.0000,0.7872,66.3793,0.0000
19,2012,100,1,2,1,0,6317,5671,1557,1308,2470,1033,299,61,164,82,33,791,822,495,65,48,63,38,2,125,162,1458,524,0,0.2746,0.3359,0.4355,827.0614,5.1065,0.1610,0.0000,0.7714,71.3043,0.0000
19,2013,100,1,2,1,0,6417,5815,1677,1312,2654,1130,312,40,195,109,29,856,887,469,52,37,57,38,1,121,162,1458,547,0,0.2884,0.3433,0.4564,911.9729,5.6179,0.1680,0.0000,0.7997,78.9855,0.0000
19,2014,100,1,2,1,0,6245,5754,1574,1373,2448,1084,275,46,169,90,40,667,687,349,39,45,55,40,2,123,162,1458,490,0,0.2735,0.3180,0.4254,762.2749,4.6375,0.1519,0.0000,0.7435,69.2308,0.0000
19,2015,100,1,2,1,0,6315,5781,1593,1327,2625,1031,307,40,215,49,30,792,815,414,47,41,49,29,1,135,162,1458,562,0,0.2756,0.3269,0.4541,834.1744,5.0830,0.1785,0.0000,0.7810,62.0253,0.0000
19,2016,100,1,2,1,0,6446,5756,1635,1321,2666,1073,312,31,219,74,35,840,863,546,73,46,55,43,0,124,162,1458,562,0,0.2841,0.3485,0.4632,927.2891,5.7188,0.1791,0.0000,0.8116,67.8899,0.0000
19,2017,100,1,2,1,0,6386,5754,1599,1437,2648,1048,277,50,224,106,39,823,850,467,55,64,52,44,5,94,162,1458,551,0,0.2779,0.3365,0.4602,900.3243,5.5449,0.1823,0.0000,0.7967,73.1034,0.0000
20,2000,100,1,0,1,0,6269,5605,1478,1114,2370,982,279,38,179,80,45,778,807,516,47,49,49,49,1,113,161,1449,496,0,0.2637,0.3285,0.4228,781.0781,4.8116,0.1591,0.0000,0.7513,64.0000,0.0000
20,2001,100,1,0,1,0,6283,5623,1460,1178,2398,927,317,27,189,119,41,760,788,489,68,61,61,48,1,100,162,1458,533,0,0.2596,0.3231,0.4265,786.0035,4.8090,0.1668,0.0000,0.7496,74.3750,0.0000
20,2002,100,1,0,1,0,6270,5555,1413,1111,2245,931,291,32,159,91,38,670,695,558,69,58,60,38,1,115,162,1458,482,0,0.2544,0.3268,0.4041,743.7866,4.5714,0.1498,0.0000,0.7309,70.5426,0.0000
20,2003,100,1,0,1,0,6322,5641,1609,904,2485,1089,318,48,154,135,61,780,809,517,84,52,60,51,1,109,162,1458,520,0,0.2852,0.3479,0.4405,870.1079,5.4470,0.1553,0.0000,0.7884,68.8776,0.0000
20,2004,100,1,0,1,0,6243,5507,1425,939,2165,965,302,36,122,73,29,678,704,534,63,61,82,56,3,147,162,1458,460,0,0.2588,0.3280,0.3931,713.0843,4.3797,0.1344,0.0000,0.7212,71.5686,0.0000
20,2005,100,1,0,1,0,6482,5770,1603,916,2474,1063,355,39,146,83,24,794,821,525,65,67,82,38,0,133,162,1458,540,0,0.2778,0.3430,0.4288,854.1176,5.1893,0.1510,0.0000,0.7717,77.5701,0.0000
20,2006,100,1,0,1,0,6547,5813,1621,1298,2879,952,352,45,272,117,47,920,951,557,72,74,65,38,0,95,163,1467,669,0,0.2789,0.3474,0.4953,1011.5689,6.1556,0.2164,0.0000,0.8427,71.3415,0.0000
20,2007,100,1,0,1,0,6402,5645,1528,1180,2632,926,334,34,234,80,23,822,844,570,58,73,62,52,0,130,162,1458,602,0,0.2707,0.3424,0.4663,909.3861,5.6007,0.1956,0.0000,0.8087,77.6699,0.0000
20,2008,100,1,0,1,0,6346,5613,1455,1259,2415,936,286,25,208,70,27,750,780,543,37,84,69,36,1,133,161,1449,519,0,0.2592,0.3317,0.4303,805.5740,4.9176,0.1710,0.0000,0.7620,72.1649,0.0000
20,2009,100,1,0,1,0,6563,5750,1593,1242,2521,1055,325,36,177,71,27,853,886,635,58,63,60,53,2,136,162,1458,538,0,0.2770,0.3524,0.4384,902.6664,5.4979,0.1614,0.0000,0.7908,72.4490,0.0000
20,2010,100,1,0,1,0,6191,5541,1416,1228,2259,950,267,21,178,69,27,681,699,517,39,49,52,31,1,139,162,1458,466,0,0.2555,0.3229,0.4077,726.1242,4.4822,0.1521,0.0000,0.7306,71.8750,0.0000
20,2011,100,1,0,1,0,6125,5529,1361,1236,2148,907,273,29,152,118,27,624,651,451,52,40,64,40,1,118,162,1458,454,0,0.2462,0.3056,0.3885,662.7252,4.0511,0.1423,0.0000,0.6941,81.3793,0.0000
20,2012,100,1,0,1,0,6178,5533,1396,1237,2288,905,274,33,184,90,45,725,760,495,77,43,62,43,2,117,163,1467,491,0,0.2523,0.3163,0.4135,719.9496,4.4139,0.1612,0.0000,0.7298,66.6667,0.0000
20,2013,100,1,0,1,0,6034,5464,1320,1325,1933,946,243,23,108,75,15,570,598,434,73,46,57,32,1,128,162,1458,374,0,0.2416,0.3012,0.3538,583.3969,3.5996,0.1122,0.0000,0.6550,83.3333,0.0000
20,2014,100,1,0,1,0,6198,5586,1370,1464,2069,938,280,37,115,26,8,587,622,488,65,36,51,34,3,148,162,1458,432,0,0.2453,0.3083,0.3704,630.1295,3.8173,0.1251,0.0000,0.6787,76.4706,0.0000
20,2015,100,1,0,1,0,6325,5784,1557,1237,2300,1110,269,60,118,97,18,681,708,429,58,43,37,31,1,149,162,1458,447,0,0.2692,0.3227,0.3976,734.1533,4.4424,0.1285,0.0000,0.7204,84.3478,0.0000
20,2016,100,1,0,1,0,6230,5617,1474,1230,2251,1027,265,34,148,69,35,660,686,462,68,60,56,34,1,172,162,1458,447,0,0.2624,0.3233,0.4007,704.1463,4.2820,0.1383,0.0000,0.7241,66.3462,0.0000
20,2017,100,1,0,1,0,6238,5656,1491,1365,2422,987,272,37,195,59,24,680,698,418,52,61,63,37,3,133,162,1458,504,0,0.2636,0.3192,0.4282,760.5877,4.6440,0.1646,0.0000,0.7474,71.0843,0.0000
21,2000,100,1,1,1,0,6461,5603,1534,1031,2617,979,269,44,242,168,53,901,936,702,66,60,54,41,1,119,162,1458,555,0,0.2738,0.3584,0.4671,964.9141,6.0085,0.1933,0.0000,0.8255,76.0181,0.0000
21,2001,100,1,1,1,0,6524,5718,1586,1159,2621,1014,327,27,218,92,43,886,918,592,66,99,72,41,2,116,162,1458,572,0,0.2774,0.3530,0.4584,938.5513,5.7541,0.1810,0.0000,0.8114,68.1481,0.0000
21,2002,100,1,1,1,0,6452,5620,1505,1073,2404,1007,283,29,186,70,55,823,847,643,66,78,70,40,1,127,162,1458,498,0,0.2678,0.3488,0.4278,845.3244,5.1790,0.1600,0.0000,0.7766,56.0000,0.0000
21,2003,100,1,1,1,0,6293,5517,1364,1179,2156,896,294,24,150,69,31,698,723,588,76,88,57,42,1,128,162,1458,468,0,0.2472,0.3272,0.3908,717.2912,4.3906,0.1436,0.0000,0.7180,69.0000,0.0000
21,2004,100,1,1,1,0,6363,5577,1388,1137,2279,917,249,24,198,101,47,736,752,593,71,79,78,36,0,131,162,1458,471,0,0.2489,0.3278,0.4086,753.3501,4.5393,0.1598,0.0000,0.7364,68.2432,0.0000
21,2005,100,1,1,1,0,6266,5579,1353,1138,2052,933,270,21,129,104,44,591,613,516,65,68,73,30,0,131,162,1458,420,0,0.2425,0.3128,0.3678,645.2362,3.8680,0.1253,0.0000,0.6806,70.2703,0.0000
21,2006,100,1,1,1,0,6291,5547,1390,1166,2227,923,272,20,175,107,35,715,743,541,70,90,74,38,1,118,162,1458,467,0,0.2506,0.3251,0.4015,738.5104,4.5092,0.1509,0.0000,0.7266,75.3521,0.0000
21,2007,100,1,1,1,0,6270,5582,1413,1096,2211,950,279,33,151,65,33,655,683,529,56,57,61,39,2,121,162,1458,463,0,0.2531,0.3221,0.3961,716.6300,4.3746,0.1430,0.0000,0.7182,66.3265,0.0000
21,2008,100,1,1,1,0,6162,5543,1423,1068,2159,973,290,34,126,109,49,658,694,468,42,42,63,44,2,119,161,1449,450,0,0.2567,0.3170,0.3895,685.6567,4.2122,0.1328,0.0000,0.7065,68.9873,0.0000
21,2009,100,1,1,1,0,6206,5556,1400,1046,2092,983,264,31,122,142,52,622,649,479,62,45,79,47,0,108,162,1458,417,0,0.2520,0.3140,0.3765,668.3872,4.0627,0.1246,0.0000,0.6905,73.1959,0.0000
21,2010,100,1,1,1,0,6250,5649,1510,1116,2332,1026,301,28,155,101,21,710,739,472,67,46,53,30,0,178,162,1458,484,0,0.2673,0.3273,0.4128,744.7512,4.5484,0.1455,0.0000,0.7401,82.7869,0.0000
21,2011,100,1,1,1,0,6026,5471,1349,1222,1993,940,274,35,100,100,34,555,582,428,64,42,50,34,1,136,162,1458,409,0,0.2466,0.3044,0.3643,600.5480,3.7054,0.1177,0.0000,0.6687,74.6269,0.0000
21,2012,100,1,1,1,0,6126,5445,1324,1363,2031,921,238,26,139,88,28,646,666,524,48,51,58,46,2,123,162,1458,403,0,0.2432,0.3131,0.3730,647.3252,3.9940,0.1298,0.0000,0.6861,75.8621,0.0000
21,2013,100,0,2,1,0,6005,5464,1235,1498,2026,809,230,27,169,54,23,585,617,448,43,46,10,35,2,113,162,1458,426,0,0.2260,0.2885,0.3708,582.4123,3.5658,0.1448,0.0000,0.6593,70.1299,0.0000
21,2014,100,0,2,1,0,6212,5570,1398,1448,2162,949,280,23,146,121,34,696,729,523,44,65,14,39,1,120,162,1458,449,0,0.2510,0.3205,0.3882,706.1120,4.3537,0.1372,0.0000,0.7086,78.0645,0.0000
21,2015,100,0,2,1,0,6243,5610,1426,1371,2374,894,312,24,196,106,39,739,774,521,41,71,6,35,0,101,162,1458,532,0,0.2542,0.3236,0.4232,780.2288,4.8262,0.1690,0.0000,0.7467,73.1034,0.0000
21,2016,100,0,2,1,0,6064,5464,1302,1326,2186,832,250,26,194,131,48,628,660,507,34,43,8,40,2,124,162,1458,470,0,0.2383,0.3059,0.4001,668.7963,4.1208,0.1618,0.0000,0.7060,73.1844,0.0000
21,2017,100,0,2,1,0,6131,5540,1384,1340,2293,881,286,28,189,153,47,716,750,480,51,59,13,38,1,98,162,1458,503,0,0.2498,0.3144,0.4139,732.6520,4.5454,0.1641,0.0000,0.7283,76.5000,0.0000
22,2000,100,1,2,1,0,6279,5526,1418,1045,2247,961,253,36,168,93,42,708,742,608,48,50,59,35,1,131,162,1458,457,0,0.2566,0.3338,0.4066,758.6659,4.6821,0.1500,0.0000,0.7404,68.8889,0.0000
22,2001,100,1,2,1,0,6170,5557,1410,1020,2152,961,290,25,134,83,42,612,637,480,50,48,46,39,0,127,162,1458,449,0,0.2537,0.3165,0.3873,677.6790,4.1575,0.1335,0.0000,0.7037,66.4000,0.0000
22,2002,100,1,2,1,0,6347,5777,1579,856,2470,1043,343,31,162,101,51,703,733,410,51,54,65,41,0,128,162,1458,536,0,0.2733,0.3252,0.4276,788.5422,4.7492,0.1542,0.0000,0.7528,66.4474,0.0000
22,2003,100,1,2,1,0,6169,5535,1401,995,2200,932,286,36,147,73,33,624,653,444,51,72,68,50,0,117,162,1458,469,0,0.2531,0.3142,0.3975,693.2288,4.2520,0.1444,0.0000,0.7117,68.8679,0.0000
22,2004,100,1,2,1,0,6532,5776,1627,1039,2521,1099,330,30,168,102,48,828,857,571,63,67,70,46,2,106,162,1458,528,0,0.2817,0.3506,0.4365,899.9584,5.4987,0.1548,0.0000,0.7871,68.0000,0.0000
22,2005,100,1,2,1,0,6152,5455,1306,1105,2047,843,308,32,123,66,34,606,627,542,55,64,46,44,1,116,162,1458,463,0,0.2394,0.3132,0.3753,650.6538,4.0027,0.1358,0.0000,0.6884,66.0000,0.0000
22,2006,100,1,2,1,0,6486,5723,1533,1078,2394,1034,294,48,157,117,49,738,780,592,50,59,62,48,2,121,162,1458,499,0,0.2679,0.3401,0.4183,828.8026,5.0062,0.1504,0.0000,0.7584,70.4819,0.0000
22,2007,100,1,2,1,0,6398,5671,1566,922,2405,1072,304,35,155,127,69,758,798,540,76,55,63,68,1,135,162,1458,494,0,0.2761,0.3412,0.4241,818.0731,4.9748,0.1479,0.0000,0.7653,64.7959,0.0000
22,2008,100,1,2,1,0,6272,5614,1441,1143,2198,970,311,34,126,134,40,669,700,496,61,53,70,38,1,114,162,1458,471,0,0.2567,0.3209,0.3915,717.5127,4.3682,0.1348,0.0000,0.7124,77.0115,0.0000
22,2009,100,1,2,1,0,6434,5638,1543,1126,2332,1070,298,34,141,103,52,760,798,626,56,53,69,48,0,133,162,1458,473,0,0.2737,0.3491,0.4136,825.8113,5.0709,0.1399,0.0000,0.7627,66.4516,0.0000
22,2010,100,1,2,1,0,6266,5610,1461,1190,2183,1019,280,44,118,72,33,642,660,495,47,47,64,49,1,131,162,1458,442,0,0.2604,0.3230,0.3891,706.8042,4.3117,0.1287,0.0000,0.7121,68.5714,0.0000
22,2011,100,1,2,1,0,5986,5404,1327,1151,1964,923,270,35,99,75,24,512,535,410,67,54,80,37,1,133,161,1449,404,0,0.2456,0.3033,0.3634,591.6418,3.6714,0.1179,0.0000,0.6667,75.7576,0.0000
22,2012,100,1,2,1,0,6334,5657,1387,1147,2092,936,314,20,117,90,27,608,630,493,73,70,68,45,1,128,164,1476,451,0,0.2452,0.3113,0.3698,658.9773,3.9208,0.1246,0.0000,0.6811,76.9231,0.0000
22,2013,100,1,2,1,0,6318,5653,1481,1215,2286,999,310,21,151,53,16,650,673,519,82,51,51,44,0,140,162,1458,482,0,0.2620,0.3273,0.4044,746.7944,4.5588,0.1424,0.0000,0.7317,76.8116,0.0000
22,2014,100,1,2,1,0,6359,5629,1538,1227,2385,1044,296,43,155,96,33,783,813,547,66,68,70,41,4,136,162,1458,494,0,0.2732,0.3426,0.4237,822.7528,5.0822,0.1505,0.0000,0.7663,74.4186,0.0000
22,2015,100,1,2,1,0,6249,5533,1399,1291,2287,897,297,24,181,44,11,697,737,558,68,57,59,41,1,116,162,1458,502,0,0.2528,0.3254,0.4133,756.2799,4.6823,0.1605,0.0000,0.7388,80.0000,0.0000
22,2016,100,1,2,1,0,6254,5522,1333,1379,2217,864,250,23,196,35,9,673,691,572,51,69,58,31,2,125,162,1458,469,0,0.2414,0.3187,0.4015,716.5994,4.3854,0.1601,0.0000,0.7202,79.5455,0.0000
22,2017,100,1,2,1,0,6294,5512,1389,1396,2392,889,239,19,242,32,9,737,771,609,44,66,72,33,2,120,162,1458,500,0,0.2520,0.3318,0.4340,807.9824,5.0070,0.1820,0.0000,0.7658,78.0488,0.0000
23,2000,100,1,1,1,0,6429,5699,1515,1288,2526,972,294,30,219,45,35,802,826,576,74,48,64,42,0,108,162,1458,543,0,0.2658,0.3361,0.4432,853.0176,5.1955,0.1774,0.0000,0.7793,56.2500,0.0000
23,2001,100,1,1,1,0,6286,5591,1406,1357,2299,894,308,27,177,60,37,695,724,515,65,76,63,40,1,124,162,1458,512,0,0.2515,0.3210,0.4112,736.3046,4.4685,0.1597,0.0000,0.7322,61.8557,0.0000
23,2002,100,1,1,1,0,6302,5612,1436,1271,2281,950,288,37,161,100,54,685,712,524,64,55,59,49,3,136,162,1458,486,0,0.2559,0.3229,0.4065,731.0025,4.4115,0.1506,0.0000,0.7294,64.9351,0.0000
23,2003,100,1,1,1,0,6159,5494,1381,1192,2098,949,281,17,134,133,58,594,623,507,50,58,70,30,0,142,162,1458,432,0,0.2514,0.3196,0.3819,667.0633,4.0813,0.1305,0.0000,0.7015,69.6335,0.0000
23,2004,100,1,1,1,0,6339,5478,1448,1205,2322,937,318,23,170,130,86,753,791,639,71,105,68,47,2,119,161,1449,511,0,0.2643,0.3497,0.4239,822.8883,5.1076,0.1595,0.0000,0.7735,60.1852,0.0000
23,2005,100,1,1,1,0,6141,5482,1386,1155,2163,923,301,10,152,131,56,638,658,485,60,82,62,28,2,113,162,1458,463,0,0.2528,0.3214,0.3946,700.2730,4.3415,0.1417,0.0000,0.7159,70.0535,0.0000
23,2006,100,1,1,1,0,6355,5569,1487,1098,2464,957,295,23,212,101,48,807,836,572,53,92,76,46,0,128,162,1458,530,0,0.2670,0.3426,0.4424,851.1675,5.2469,0.1754,0.0000,0.7850,67.7852,0.0000
23,2007,100,1,1,1,0,6319,5609,1512,1152,2521,973,289,30,220,139,67,774,798,558,67,65,66,20,1,119,162,1458,539,0,0.2696,0.3415,0.4495,858.3744,5.3047,0.1799,0.0000,0.7909,67.4757,0.0000
23,2008,100,1,1,1,0,6320,5508,1429,1242,2432,903,271,33,222,134,54,778,799,602,53,72,89,48,1,96,162,1458,526,0,0.2594,0.3376,0.4415,845.1091,5.2263,0.1821,0.0000,0.7791,71.2766,0.0000
23,2009,100,1,1,1,0,6403,5627,1435,1229,2314,945,280,31,179,111,52,759,791,595,76,71,61,48,1,111,162,1458,490,0,0.2550,0.3313,0.4112,781.5571,4.7272,0.1562,0.0000,0.7426,68.0982,0.0000
23,2010,100,1,1,1,0,6451,5697,1553,1142,2557,1020,279,37,217,48,16,820,855,593,58,58,66,35,2,108,162,1458,533,0,0.2726,0.3453,0.4488,899.4283,5.5584,0.1762,0.0000,0.7941,75.0000,0.0000
23,2011,100,1,1,1,0,6404,5675,1566,1118,2457,1060,302,23,181,69,15,810,838,523,76,93,75,36,2,131,162,1458,506,0,0.2759,0.3449,0.4330,855.8069,5.2924,0.1570,0.0000,0.7778,82.1429,0.0000
23,2012,100,1,1,1,0,6277,5619,1442,1285,2329,966,249,43,184,91,26,726,750,470,60,98,58,32,0,119,162,1458,476,0,0.2566,0.3232,0.4145,759.1920,4.6460,0.1579,0.0000,0.7377,77.7778,0.0000
23,2013,100,1,1,1,0,6283,5663,1425,1219,2212,974,262,42,147,143,47,642,666,474,76,67,40,38,1,111,162,1458,451,0,0.2516,0.3150,0.3906,704.4983,4.2516,0.1390,0.0000,0.7056,75.2632,0.0000
23,2014,100,1,1,1,0,6222,5603,1466,1227,2192,1041,261,27,137,91,39,651,680,437,57,76,65,40,1,129,162,1458,425,0,0.2616,0.3215,0.3912,702.2989,4.2998,0.1296,0.0000,0.7127,70.0000,0.0000
23,2015,100,1,1,1,0,6082,5505,1349,1260,2161,878,283,35,153,68,23,614,636,430,53,54,49,43,1,115,162,1458,471,0,0.2450,0.3039,0.3926,656.7770,4.0431,0.1475,0.0000,0.6964,74.7253,0.0000
23,2016,100,1,1,1,0,6180,5483,1334,1467,2142,887,259,15,173,154,51,660,697,553,59,48,61,35,0,112,162,1458,447,0,0.2433,0.3162,0.3907,691.8599,4.2378,0.1474,0.0000,0.7069,75.1220,0.0000
23,2017,100,1,1,1,0,6238,5465,1304,1648,2162,845,252,15,192,158,46,676,707,618,66,60,52,42,1,93,162,1458,459,0,0.2386,0.3205,0.3956,724.6001,4.4525,0.1570,0.0000,0.7161,77.4510,0.0000
24,2000,100,1,0,1,0,6215,5621,1461,1027,2283,969,313,28,151,82,44,696,730,467,67,32,56,38,1,109,162,1458,492,0,0.2599,0.3183,0.4062,723.1606,4.4305,0.1462,0.0000,0.7244,65.0794,0.0000
24,2001,100,1,0,1,0,6153,5457,1403,1085,2282,901,295,37,170,111,70,718,746,528,59,63,65,38,2,107,162,1458,502,0,0.2571,0.3276,0.4182,747.8324,4.6589,0.1611,0.0000,0.7458,61.3260,0.0000
24,2002,100,1,0,1,0,6401,5679,1531,1075,2452,990,330,42,169,91,47,752,777,524,52,73,73,51,1,110,162,1458,541,0,0.2696,0.3363,0.4318,833.2095,5.0794,0.1622,0.0000,0.7681,65.9420,0.0000
24,2003,100,1,0,1,0,6320,5637,1505,1014,2318,1020,305,32,148,106,41,701,716,509,65,39,82,51,2,114,162,1458,485,0,0.2670,0.3292,0.4112,771.4147,4.7123,0.1442,0.0000,0.7404,72.1088,0.0000
24,2004,100,1,0,1,0,6261,5610,1469,968,2265,989,307,30,143,67,35,706,732,498,54,42,71,40,0,105,162,1458,480,0,0.2619,0.3246,0.4037,741.4864,4.5583,0.1419,0.0000,0.7283,65.6863,0.0000
24,2005,100,1,0,1,0,6325,5678,1472,1081,2279,949,366,30,127,24,23,646,666,482,48,69,62,34,0,130,162,1458,523,0,0.2592,0.3230,0.4014,730.9054,4.4297,0.1421,0.0000,0.7244,51.0638,0.0000
24,2006,100,1,0,1,0,6379,5684,1454,1185,2341,924,338,27,165,90,28,735,760,535,62,55,64,41,0,113,162,1458,530,0,0.2558,0.3237,0.4119,769.5769,4.6422,0.1561,0.0000,0.7355,76.2712,0.0000
24,2007,100,1,0,1,0,6473,5728,1481,1212,2250,984,349,24,124,61,31,690,724,584,51,46,64,49,2,129,162,1458,497,0,0.2586,0.3295,0.3928,751.0400,4.4863,0.1343,0.0000,0.7223,66.3043,0.0000
24,2008,100,1,0,1,0,6227,5566,1399,1158,2098,945,309,45,100,74,33,600,634,508,39,61,56,36,0,138,161,1449,454,0,0.2513,0.3189,0.3769,670.1220,4.0843,0.1256,0.0000,0.6958,69.1589,0.0000
24,2009,100,1,0,1,0,6305,5595,1395,1299,2232,910,294,30,161,68,16,654,680,581,56,49,47,31,2,153,162,1458,485,0,0.2493,0.3237,0.3989,723.5426,4.3930,0.1496,0.0000,0.7226,80.9524,0.0000
24,2010,100,1,0,1,0,6189,5523,1325,1364,2110,883,254,33,155,78,32,634,660,501,51,72,52,41,0,120,162,1458,442,0,0.2399,0.3093,0.3820,658.6333,4.0025,0.1421,0.0000,0.6913,70.9091,0.0000
24,2011,100,1,0,1,0,6150,5543,1348,1345,2153,894,263,31,160,80,39,623,647,442,48,50,65,50,0,104,161,1449,454,0,0.2432,0.3024,0.3884,653.9217,3.9649,0.1452,0.0000,0.6908,67.2269,0.0000
24,2012,100,1,0,1,0,6054,5447,1332,1368,2204,845,283,23,181,88,39,634,657,456,66,55,52,44,0,98,162,1458,487,0,0.2445,0.3071,0.4046,680.6472,4.2267,0.1601,0.0000,0.7117,69.2913,0.0000
24,2013,100,1,0,1,0,6334,5603,1543,1228,2454,1036,289,32,186,108,37,828,861,569,69,43,69,49,1,109,162,1458,507,0,0.2754,0.3440,0.4380,860.5423,5.3734,0.1626,0.0000,0.7820,74.4828,0.0000
24,2014,100,1,0,1,0,6369,5615,1427,1321,2239,938,311,33,145,77,24,683,708,584,65,54,75,38,3,136,162,1458,489,0,0.2541,0.3282,0.3988,744.1590,4.5040,0.1446,0.0000,0.7270,76.2376,0.0000
24,2015,100,1,0,1,0,6345,5632,1497,1333,2372,1020,267,22,188,118,41,758,787,551,45,50,72,39,1,139,162,1458,477,0,0.2658,0.3345,0.4212,796.8407,4.8610,0.1554,0.0000,0.7557,74.2138,0.0000
24,2016,100,1,0,1,0,6202,5491,1447,1180,2319,960,282,25,180,128,40,760,795,562,56,55,42,51,1,140,162,1458,487,0,0.2635,0.3351,0.4223,783.7938,4.9021,0.1588,0.0000,0.7574,76.1905,0.0000
24,2017,100,1,0,1,0,6010,5465,1297,1444,2222,813,251,25,208,106,26,628,649,416,30,54,44,29,2,89,162,1458,484,0,0.2373,0.2963,0.4066,668.0261,4.1407,0.1693,0.0000,0.7029,80.3030,0.0000
25,2000,100,1,0,1,0,6370,5554,1407,1048,2234,955,253,23,176,95,53,717,753,648,60,38,69,60,1,121,162,1458,452,0,0.2533,0.3322,0.4022,757.2472,4.5945,0.1489,0.0000,0.7345,64.1892,0.0000
25,2001,100,1,0,1,0,6304,5582,1378,1115,2150,926,283,18,151,63,38,643,666,553,71,60,61,47,1,140,162,1458,452,0,0.2469,0.3190,0.3852,684.5391,4.1164,0.1383,0.0000,0.7041,62.3762,0.0000
25,2002,100,1,0,1,0,6110,5472,1402,1006,2171,956,271,27,148,110,58,655,684,471,58,47,73,47,0,146,161,1449,446,0,0.2562,0.3180,0.3967,676.9072,4.1594,0.1405,0.0000,0.7148,65.4762,0.0000
25,2003,100,1,0,1,0,6019,5423,1288,1122,1971,866,277,29,116,88,34,546,565,434,49,60,72,30,0,118,161,1449,422,0,0.2375,0.2996,0.3635,591.8533,3.6409,0.1259,0.0000,0.6631,72.1311,0.0000
25,2004,100,1,0,1,0,6200,5514,1283,1171,2042,856,254,14,159,94,36,626,647,519,39,65,66,36,0,109,162,1458,427,0,0.2327,0.3044,0.3703,634.8125,3.8276,0.1376,0.0000,0.6747,72.3077,0.0000
25,2005,100,1,0,1,0,6255,5607,1487,1026,2490,938,301,42,206,189,70,801,823,486,72,59,59,43,1,110,162,1458,549,0,0.2652,0.3280,0.4441,818.5935,5.0209,0.1789,0.0000,0.7721,72.9730,0.0000
25,2006,100,1,0,1,0,6477,5794,1551,1047,2499,1016,311,35,189,196,58,785,813,524,51,61,57,41,0,102,162,1458,535,0,0.2677,0.3327,0.4313,851.3915,5.1072,0.1636,0.0000,0.7640,77.1654,0.0000
25,2007,100,1,0,1,0,6426,5723,1546,1026,2541,993,316,32,205,172,47,842,871,531,57,62,58,52,0,104,162,1458,553,0,0.2701,0.3359,0.4440,874.5839,5.3208,0.1739,0.0000,0.7799,78.5388,0.0000
25,2008,100,1,0,1,0,6216,5529,1428,1063,2222,946,308,36,138,170,61,692,719,541,54,37,59,48,2,107,162,1458,482,0,0.2583,0.3259,0.4019,740.1337,4.5666,0.1436,0.0000,0.7278,73.5931,0.0000
25,2009,100,1,0,1,0,6269,5544,1433,1051,2180,943,334,55,101,129,55,699,735,571,72,43,64,46,1,100,162,1458,490,0,0.2585,0.3299,0.3932,738.0853,4.5540,0.1347,0.0000,0.7232,70.1087,0.0000
25,2010,100,1,0,1,0,6272,5581,1435,1135,2215,955,307,46,127,114,41,692,711,527,71,36,72,56,0,94,162,1458,480,0,0.2571,0.3223,0.3969,733.3067,4.4907,0.1398,0.0000,0.7191,73.5484,0.0000
25,2011,100,1,0,1,0,6219,5569,1425,1073,2122,976,302,46,101,86,45,636,664,502,83,45,59,43,1,105,162,1458,449,0,0.2559,0.3202,0.3810,685.7846,4.2121,0.1252,0.0000,0.7012,65.6489,0.0000
25,2012,100,1,0,1,0,6273,5580,1364,1374,2171,876,314,29,145,55,14,690,715,535,67,64,59,34,1,123,162,1458,488,0,0.2444,0.3160,0.3891,694.7301,4.2190,0.1446,0.0000,0.7050,79.7101,0.0000
25,2013,100,1,0,1,0,6293,5636,1384,1321,2132,916,315,26,127,75,20,637,661,491,74,52,68,46,0,96,162,1458,468,0,0.2456,0.3096,0.3783,676.9220,4.0778,0.1327,0.0000,0.6878,78.9474,0.0000
25,2014,100,1,0,1,0,6268,5649,1353,1279,2067,910,297,21,125,62,13,571,598,487,55,56,51,24,1,112,162,1458,443,0,0.2395,0.3050,0.3659,640.1033,3.8440,0.1264,0.0000,0.6709,82.6667,0.0000
25,2015,100,1,0,1,0,6218,5593,1316,1331,2105,845,302,20,149,19,12,572,600,483,65,58,50,31,3,138,162,1458,471,0,0.2353,0.3012,0.3764,626.4292,3.7519,0.1411,0.0000,0.6776,61.2903,0.0000
25,2016,100,1,0,1,0,6164,5549,1353,1258,2224,867,283,21,182,27,19,630,660,471,38,49,58,36,1,133,162,1458,486,0,0.2438,0.3068,0.4008,673.6111,4.0944,0.1570,0.0000,0.7076,58.6957,0.0000
25,2017,100,1,0,1,0,6162,5547,1286,1406,2115,823,268,24,171,32,14,571,598,463,46,69,43,39,1,132,162,1458,463,0,0.2318,0.2972,0.3813,624.3581,3.7553,0.1495,0.0000,0.6784,69.5652,0.0000
26,2000,100,1,0,1,0,6469,5676,1536,1095,2414,1012,326,42,156,95,38,788,821,632,95,46,71,44,0,130,162,1458,524,0,0.2706,0.3460,0.4253,845.9731,5.1642,0.1547,0.0000,0.7713,71.4286,0.0000
26,2001,100,1,0,1,0,6207,5547,1432,1130,2352,902,314,42,174,143,67,697,723,523,84,33,65,39,0,102,162,1458,530,0,0.2582,0.3237,0.4240,762.8722,4.6941,0.1659,0.0000,0.7477,68.0952,0.0000
26,2002,100,1,0,1,0,6248,5472,1413,1057,2308,889,319,39,166,99,43,713,737,606,96,49,67,52,2,139,161,1449,524,0,0.2582,0.3347,0.4218,775.0234,4.7995,0.1636,0.0000,0.7565,69.7183,0.0000
26,2003,100,1,0,1,0,6315,5542,1413,1089,2359,881,310,30,192,68,24,749,770,594,52,63,73,42,1,151,162,1458,532,0,0.2550,0.3317,0.4257,783.7689,4.7888,0.1707,0.0000,0.7573,73.9130,0.0000
26,2004,100,1,0,1,0,6498,5581,1502,1105,2394,1012,280,18,192,93,37,836,867,722,46,68,60,65,2,150,162,1458,490,0,0.2691,0.3561,0.4290,875.1823,5.3814,0.1598,0.0000,0.7851,71.5385,0.0000
26,2005,100,1,0,1,0,6444,5668,1564,1090,2499,1033,314,30,187,137,54,830,867,635,71,42,55,41,3,118,162,1458,531,0,0.2759,0.3509,0.4409,892.2687,5.5104,0.1650,0.0000,0.7918,71.7277,0.0000
26,2006,100,1,0,1,0,6627,5772,1568,1143,2662,996,296,30,246,164,47,897,926,645,44,89,74,46,1,135,163,1467,572,0,0.2717,0.3513,0.4612,956.3612,5.7305,0.1895,0.0000,0.8125,77.7251,0.0000
26,2007,100,1,0,1,0,6496,5655,1553,1144,2578,1018,271,38,226,159,23,893,920,618,47,99,73,50,1,136,162,1458,535,0,0.2746,0.3535,0.4559,942.1788,5.8027,0.1813,0.0000,0.8094,87.3626,0.0000
26,2008,100,1,0,1,0,6388,5636,1442,1187,2345,928,306,27,181,165,37,726,749,580,50,63,75,31,3,110,162,1458,514,0,0.2559,0.3304,0.4161,801.3334,4.8653,0.1602,0.0000,0.7465,81.6832,0.0000
26,2009,100,1,0,1,0,6382,5594,1426,1108,2361,917,274,44,191,168,65,823,860,607,52,66,68,45,2,105,162,1458,509,0,0.2549,0.3325,0.4221,806.8481,4.8944,0.1671,0.0000,0.7546,72.1030,0.0000
26,2010,100,1,0,1,0,6393,5664,1507,1064,2407,991,306,36,174,87,17,740,771,555,53,68,59,46,1,125,163,1467,516,0,0.2661,0.3363,0.4250,825.7540,5.0625,0.1589,0.0000,0.7613,83.6538,0.0000
26,2011,100,1,0,1,0,6163,5547,1330,1018,2097,885,267,34,144,69,21,588,613,448,60,51,80,35,2,122,162,1458,445,0,0.2398,0.3008,0.3780,631.2771,3.8088,0.1383,0.0000,0.6788,76.6667,0.0000
26,2012,100,1,0,1,0,6306,5692,1454,1205,2257,965,315,34,140,72,28,681,714,445,70,74,51,44,0,109,162,1458,489,0,0.2554,0.3154,0.3965,716.4010,4.3273,0.1411,0.0000,0.7119,72.0000,0.0000
26,2013,100,1,0,1,0,6074,5548,1335,1199,2052,920,249,30,136,65,16,569,587,405,48,44,44,33,0,135,162,1458,415,0,0.2406,0.2959,0.3699,599.5643,3.6452,0.1292,0.0000,0.6657,80.2469,0.0000
26,2014,100,1,0,1,0,6179,5648,1375,1297,2106,939,271,35,130,60,28,591,615,394,38,50,52,35,0,110,162,1458,436,0,0.2434,0.2969,0.3729,622.4515,3.7364,0.1294,0.0000,0.6698,68.1818,0.0000
26,2015,100,1,0,1,0,6025,5515,1314,1410,2006,881,285,37,111,71,19,545,570,381,48,42,56,30,1,125,162,1458,433,0,0.2383,0.2911,0.3637,577.8433,3.5210,0.1255,0.0000,0.6548,78.8889,0.0000
26,2016,100,1,0,1,0,6104,5555,1371,1483,2148,932,252,36,151,96,49,563,585,415,58,47,51,36,0,130,162,1458,439,0,0.2468,0.3028,0.3867,636.2914,3.8606,0.1399,0.0000,0.6895,66.2069,0.0000
26,2017,100,1,0,1,0,6116,5620,1369,1602,2153,926,254,37,152,99,31,589,627,356,34,57,39,42,2,94,162,1458,443,0,0.2436,0.2933,0.3831,635.5736,3.8502,0.1395,0.0000,0.6764,76.1538,0.0000
27,2000,100,1,1,1,0,6580,5817,1601,1029,2479,1081,324,34,162,69,20,836,870,586,69,66,53,57,1,132,162,1458,520,0,0.2752,0.3452,0.4262,869.7993,5.2444,0.1509,0.0000,0.7714,77.5281,0.0000
27,2001,100,1,1,1,0,6250,5559,1440,1127,2347,916,320,25,179,55,45,733,757,511,61,78,60,42,0,123,162,1458,524,0,0.2590,0.3278,0.4222,764.0283,4.7001,0.1632,0.0000,0.7500,55.0000,0.0000
27,2002,100,1,1,1,0,6252,5550,1401,1110,2225,916,295,41,149,72,34,714,747,530,60,80,49,42,1,106,161,1449,485,0,0.2524,0.3243,0.4009,734.1408,4.5255,0.1485,0.0000,0.7252,67.9245,0.0000
27,2003,100,1,1,1,0,6419,5668,1590,1005,2494,1073,305,37,175,86,31,845,881,534,64,99,77,39,2,129,162,1458,517,0,0.2805,0.3506,0.4400,883.1260,5.4764,0.1595,0.0000,0.7906,73.5043,0.0000
27,2004,100,1,1,1,0,6321,5662,1531,1069,2419,1016,310,37,168,73,35,721,751,452,57,84,73,49,1,115,161,1449,515,0,0.2704,0.3309,0.4272,802.2706,4.9197,0.1568,0.0000,0.7581,67.5926,0.0000
27,2005,100,1,1,1,0,6337,5682,1448,1159,2230,984,287,36,141,72,27,657,689,459,51,89,58,48,1,130,162,1458,464,0,0.2548,0.3179,0.3925,711.6199,4.2726,0.1376,0.0000,0.7104,72.7273,0.0000
27,2006,100,1,1,1,0,6337,5637,1548,1144,2383,1024,354,29,141,48,16,756,786,521,81,72,70,36,1,151,162,1458,524,0,0.2746,0.3417,0.4227,808.8540,5.0067,0.1481,0.0000,0.7644,75.0000,0.0000
27,2007,100,1,1,1,0,6447,5710,1591,1112,2464,1063,346,19,163,76,22,827,856,556,58,69,60,51,1,140,162,1458,528,0,0.2786,0.3470,0.4315,863.1070,5.3060,0.1529,0.0000,0.7785,77.5510,0.0000
27,2008,100,1,1,1,0,6238,5572,1421,1165,2205,960,285,29,147,50,18,647,671,502,60,66,60,38,0,149,162,1458,461,0,0.2550,0.3219,0.3957,705.0947,4.3110,0.1407,0.0000,0.7177,73.5294,0.0000
27,2009,100,1,1,1,0,6306,5606,1408,1257,2206,926,308,32,142,82,27,698,725,551,74,37,69,41,2,119,161,1449,482,0,0.2512,0.3201,0.3935,715.9007,4.3398,0.1423,0.0000,0.7136,75.2294,0.0000
27,2010,100,1,1,1,0,6302,5656,1420,1235,2228,926,325,24,145,56,13,651,681,508,75,39,58,40,1,114,162,1458,494,0,0.2511,0.3151,0.3939,709.8353,4.2962,0.1429,0.0000,0.7090,81.1594,0.0000
27,2011,100,1,1,1,0,6181,5515,1391,1283,2220,917,280,33,161,65,21,698,728,502,51,46,72,44,2,124,162,1458,474,0,0.2522,0.3175,0.4025,709.3950,4.3680,0.1503,0.0000,0.7200,75.5814,0.0000
27,2012,100,1,1,1,0,6361,5680,1488,1356,2395,968,305,43,172,55,26,712,743,521,70,62,57,41,0,115,162,1458,520,0,0.2620,0.3285,0.4217,791.2788,4.8216,0.1597,0.0000,0.7502,67.9012,0.0000
27,2013,100,1,1,1,0,6287,5538,1374,1320,2155,918,278,31,147,52,22,666,688,550,76,80,75,43,1,125,162,1458,456,0,0.2481,0.3227,0.3891,705.2937,4.2996,0.1410,0.0000,0.7118,70.2703,0.0000
27,2014,100,1,1,1,0,6268,5581,1390,1270,2166,937,276,31,146,78,16,634,655,524,67,71,60,31,1,116,162,1458,453,0,0.2491,0.3198,0.3881,707.0081,4.3247,0.1390,0.0000,0.7079,82.9787,0.0000
27,2015,100,1,1,1,0,6227,5590,1438,1255,2296,949,289,31,169,70,41,655,677,452,55,84,50,51,0,115,162,1458,489,0,0.2572,0.3196,0.4107,732.7997,4.4875,0.1535,0.0000,0.7303,63.0631,0.0000
27,2016,100,1,1,1,0,6449,5719,1511,1349,2301,1021,330,20,140,92,31,741,767,548,64,89,53,39,1,126,162,1458,490,0,0.2642,0.3359,0.4023,786.0436,4.7618,0.1381,0.0000,0.7382,74.7967,0.0000
27,2017,100,1,1,1,0,6205,5491,1362,1360,2090,918,289,26,129,109,54,653,687,526,64,104,53,31,0,129,162,1458,444,0,0.2480,0.3238,0.3806,681.4784,4.1856,0.1326,0.0000,0.7044,66.8712,0.0000
28,2000,100,1,2,1,0,6217,5497,1403,1114,2212,941,272,33,157,122,78,703,734,582,77,49,58,28,3,113,162,1458,462,0,0.2552,0.3304,0.4024,730.8530,4.5145,0.1472,0.0000,0.7328,61.0000,0.0000
28,2001,100,1,2,1,0,6091,5423,1280,1289,2039,843,266,20,151,134,65,611,643,540,62,40,54,33,1,99,162,1458,437,0,0.2360,0.3082,0.3760,637.3507,3.9164,0.1400,0.0000,0.6841,67.3367,0.0000
28,2002,100,1,2,1,0,6198,5450,1384,1136,2110,972,237,36,139,70,29,675,697,597,66,51,59,39,2,127,162,1458,412,0,0.2539,0.3311,0.3872,711.1239,4.4445,0.1332,0.0000,0.7183,70.7071,0.0000
28,2003,100,1,2,1,0,6293,5593,1440,1021,2276,954,295,32,159,45,23,715,750,556,58,63,48,33,0,137,162,1458,486,0,0.2575,0.3297,0.4069,750.6014,4.6123,0.1495,0.0000,0.7366,66.1765,0.0000
28,2004,100,1,2,1,0,6433,5621,1499,997,2314,1016,302,30,151,42,23,740,770,609,48,76,80,45,2,142,162,1458,483,0,0.2667,0.3439,0.4117,805.7351,4.9308,0.1450,0.0000,0.7556,64.6154,0.0000
28,2005,100,1,2,1,0,6271,5592,1425,948,2156,975,295,29,126,116,43,678,704,528,72,59,54,38,0,117,162,1458,450,0,0.2548,0.3236,0.3856,708.2135,4.3272,0.1307,0.0000,0.7092,72.9560,0.0000
28,2006,100,1,2,1,0,6320,5581,1446,1129,2313,951,294,30,171,127,52,713,733,584,77,41,65,49,0,127,162,1458,495,0,0.2591,0.3311,0.4144,772.6066,4.7110,0.1553,0.0000,0.7455,70.9497,0.0000
28,2007,100,1,2,1,0,6197,5469,1358,1198,2236,839,326,27,166,53,36,689,715,579,63,52,51,46,0,116,162,1458,519,0,0.2483,0.3236,0.4088,729.7251,4.5189,0.1605,0.0000,0.7325,59.5506,0.0000
28,2008,100,1,2,1,0,6001,5416,1242,1226,1969,817,262,24,139,48,25,524,555,461,50,34,53,35,2,138,162,1458,425,0,0.2293,0.2921,0.3636,565.5328,3.4507,0.1342,0.0000,0.6557,65.7534,0.0000
28,2009,100,1,2,1,0,6279,5573,1378,1260,2114,931,289,27,131,88,47,630,655,530,68,49,83,44,0,108,162,1458,447,0,0.2473,0.3158,0.3793,676.9080,4.0823,0.1321,0.0000,0.6952,65.1852,0.0000
28,2010,100,1,2,1,0,6195,5530,1407,1204,2094,1011,236,29,131,85,29,636,666,507,53,44,74,40,0,120,162,1458,396,0,0.2544,0.3199,0.3787,679.4949,4.1829,0.1242,0.0000,0.6985,74.5614,0.0000
28,2011,100,1,2,1,0,6141,5487,1289,1308,1959,889,239,52,109,150,44,572,602,505,49,49,53,43,4,109,162,1458,400,0,0.2349,0.3029,0.3570,610.8509,3.7088,0.1221,0.0000,0.6600,77.3196,0.0000
28,2012,100,1,2,1,0,6193,5563,1333,1343,1989,906,289,47,91,136,41,608,630,488,56,53,58,30,1,105,162,1458,427,0,0.2396,0.3055,0.3575,622.7665,3.7667,0.1179,0.0000,0.6631,76.8362,0.0000
28,2013,100,1,2,1,0,6071,5463,1334,1331,2045,902,281,23,128,60,24,618,637,452,47,63,50,42,1,151,162,1458,432,0,0.2442,0.3071,0.3743,619.3304,3.8039,0.1301,0.0000,0.6815,71.4286,0.0000
28,2014,100,1,2,1,0,6183,5541,1273,1289,1889,886,260,25,102,52,23,544,567,509,40,46,56,31,0,123,162,1458,387,0,0.2297,0.2984,0.3409,569.9649,3.4190,0.1112,0.0000,0.6393,69.3333,0.0000
28,2015,100,1,2,1,0,6253,5635,1418,1359,2255,944,275,35,164,65,15,662,689,484,52,36,64,33,1,115,162,1458,474,0,0.2516,0.3132,0.4002,711.6672,4.3238,0.1485,0.0000,0.7134,81.2500,0.0000
28,2016,100,1,2,1,0,5983,5387,1199,1404,1960,777,237,31,154,109,56,557,584,453,45,56,47,39,1,108,162,1458,422,0,0.2226,0.2878,0.3638,563.2012,3.4264,0.1413,0.0000,0.6516,66.0606,0.0000
28,2017,100,1,2,1,0,6063,5406,1268,1516,1998,847,249,35,137,122,59,600,640,514,52,57,55,30,1,75,162,1458,421,0,0.2346,0.3061,0.3696,630.1862,3.9052,0.1350,0.0000,0.6757,67.4033,0.0000
29,2000,100,1,2,1,0,6480,5576,1473,1076,2489,935,279,40,219,52,29,852,879,747,66,47,60,50,0,148,162,1458,538,0,0.2642,0.3531,0.4464,890.9980,5.4799,0.1822,0.0000,0.7995,64.1975,0.0000
29,2001,100,1,2,1,0,6414,5671,1535,1142,2485,1009,295,38,193,32,13,788,817,585,61,52,65,41,0,143,162,1458,526,0,0.2707,0.3421,0.4382,850.6929,5.2225,0.1675,0.0000,0.7803,71.1111,0.0000
29,2002,100,1,2,1,0,6330,5537,1384,1095,2250,904,266,42,172,62,24,699,729,612,74,75,61,44,1,149,161,1449,480,0,0.2500,0.3304,0.4064,748.5899,4.5615,0.1564,0.0000,0.7368,72.0930,0.0000
29,2003,100,1,2,1,0,6442,5676,1538,1032,2421,1030,306,29,173,34,16,781,812,597,84,58,64,46,1,162,161,1449,508,0,0.2710,0.3439,0.4265,827.2543,5.0465,0.1556,0.0000,0.7704,68.0000,0.0000
29,2004,100,1,2,1,0,6311,5572,1497,997,2391,1000,284,29,184,20,11,784,808,575,56,64,58,42,0,175,162,1458,497,0,0.2687,0.3416,0.4291,804.8980,4.9833,0.1604,0.0000,0.7707,64.5161,0.0000
29,2005,100,1,2,1,0,6101,5501,1364,1019,2106,912,289,36,127,42,24,611,639,461,56,48,69,22,0,142,162,1458,452,0,0.2480,0.3105,0.3828,641.5421,3.9421,0.1349,0.0000,0.6934,63.6364,0.0000
29,2006,100,1,2,1,0,6199,5563,1386,1063,2213,914,273,43,156,58,17,641,673,477,69,47,66,45,1,116,161,1449,472,0,0.2491,0.3115,0.3978,693.5919,4.2359,0.1487,0.0000,0.7093,77.3333,0.0000
29,2007,100,1,2,1,0,6216,5518,1370,955,2059,916,315,43,96,110,27,615,638,519,67,54,81,43,1,132,162,1458,454,0,0.2483,0.3168,0.3731,663.7226,4.0443,0.1249,0.0000,0.6899,80.2920,0.0000
29,2008,100,1,2,1,0,6180,5584,1425,1175,2134,968,310,42,105,103,40,616,631,433,75,47,76,40,0,121,162,1458,457,0,0.2552,0.3121,0.3822,664.0689,4.0419,0.1270,0.0000,0.6943,72.0280,0.0000
29,2009,100,1,2,1,0,6251,5638,1503,1115,2298,1029,296,35,143,77,32,713,741,450,63,46,73,44,0,118,162,1458,474,0,0.2666,0.3236,0.4076,742.8715,4.5565,0.1410,0.0000,0.7312,70.6422,0.0000
29,2010,100,1,2,1,0,6156,5558,1369,1163,2177,905,280,24,160,44,15,638,653,453,60,52,59,34,0,150,162,1458,464,0,0.2463,0.3074,0.3917,656.2660,3.9845,0.1454,0.0000,0.6991,74.5763,0.0000
29,2011,100,1,2,1,0,6190,5543,1355,1187,2032,934,277,32,112,31,17,597,615,477,77,53,80,37,0,123,162,1458,421,0,0.2445,0.3085,0.3666,627.7320,3.8130,0.1221,0.0000,0.6751,64.5833,0.0000
29,2012,100,1,2,1,0,6243,5626,1440,1077,2142,972,331,40,97,50,23,633,659,484,67,25,63,45,0,153,163,1467,468,0,0.2560,0.3154,0.3807,664.2942,4.0125,0.1248,0.0000,0.6961,68.4932,0.0000
29,2013,100,1,2,1,0,6353,5744,1506,1205,2315,1010,318,43,135,35,12,685,711,486,71,42,53,28,0,129,162,1458,496,0,0.2622,0.3229,0.4030,743.1776,4.4991,0.1408,0.0000,0.7259,74.4681,0.0000
29,2014,100,1,2,1,0,6314,5708,1466,1162,2212,997,310,41,118,31,11,602,620,456,68,45,57,47,1,144,162,1458,469,0,0.2568,0.3144,0.3875,687.3660,4.1233,0.1307,0.0000,0.7019,73.8095,0.0000
29,2015,100,1,2,1,0,6135,5559,1392,1212,2037,957,308,44,83,40,22,548,579,457,53,33,56,30,0,125,162,1458,435,0,0.2504,0.3096,0.3664,626.7323,3.8459,0.1160,0.0000,0.6760,64.5161,0.0000
29,2016,100,1,2,1,0,6325,5557,1441,1137,2197,968,316,31,126,92,41,688,726,607,71,37,66,57,1,143,162,1458,473,0,0.2593,0.3332,0.3954,738.8108,4.5100,0.1360,0.0000,0.7285,69.1729,0.0000
29,2017,100,1,2,1,0,6369,5622,1384,1266,2155,899,324,36,125,105,36,611,656,602,46,41,68,33,3,115,162,1458,485,0,0.2462,0.3218,0.3833,712.3672,4.2837,0.1371,0.0000,0.7052,74.4681,0.0000
30,2000,100,1,1,1,0,6448,5616,1532,1139,2541,993,288,32,219,142,66,875,906,657,59,75,61,38,1,104,162,1458,539,0,0.2728,0.3545,0.4525,922.8606,5.7242,0.1797,0.0000,0.8070,68.2692,0.0000
30,2001,100,1,1,1,0,6378,5559,1559,1083,2536,1012,314,36,197,111,53,850,890,606,64,91,71,50,1,133,162,1458,547,0,0.2804,0.3578,0.4562,915.7794,5.7409,0.1758,0.0000,0.8140,67.6829,0.0000
30,2002,100,1,1,1,0,6466,5645,1592,998,2567,1036,327,39,190,105,61,886,935,632,49,69,63,55,2,126,162,1458,556,0,0.2820,0.3582,0.4547,929.3507,5.7578,0.1727,0.0000,0.8130,63.2530,0.0000
30,2003,100,1,1,1,0,6438,5608,1570,900,2538,1034,300,40,196,102,54,827,854,656,78,60,72,41,1,131,162,1458,536,0,0.2800,0.3592,0.4526,919.0219,5.7227,0.1726,0.0000,0.8117,65.3846,0.0000
30,2004,100,1,1,1,0,6509,5703,1588,1127,2698,985,334,31,238,145,61,933,968,653,84,54,54,44,1,118,162,1458,603,0,0.2784,0.3556,0.4731,970.9735,5.9691,0.1946,0.0000,0.8287,70.3883,0.0000
30,2005,100,1,1,1,0,6347,5611,1498,988,2309,1021,300,20,157,68,47,726,753,539,73,75,89,33,0,139,162,1458,477,0,0.2670,0.3375,0.4115,773.3313,4.7229,0.1445,0.0000,0.7490,59.1304,0.0000
30,2006,100,1,1,1,0,6296,5632,1547,942,2392,1053,309,19,166,57,14,723,749,512,58,47,64,41,0,161,161,1449,494,0,0.2747,0.3379,0.4247,799.4205,4.9449,0.1500,0.0000,0.7626,80.2817,0.0000
30,2007,100,1,1,1,0,6282,5641,1510,1058,2275,1059,285,18,148,46,17,710,729,489,38,50,58,42,2,154,162,1458,451,0,0.2677,0.3293,0.4033,741.9834,4.5510,0.1356,0.0000,0.7326,73.0159,0.0000
30,2008,100,1,1,1,0,6157,5539,1410,1084,2186,968,258,34,150,54,31,635,670,473,46,48,59,36,2,154,162,1458,442,0,0.2546,0.3168,0.3947,677.1189,4.1466,0.1401,0.0000,0.7114,63.5294,0.0000
30,2009,100,1,1,1,0,6356,5675,1512,1139,2420,994,314,18,186,46,24,768,804,557,61,35,67,22,0,134,162,1458,518,0,0.2664,0.3346,0.4264,804.6875,4.9267,0.1600,0.0000,0.7610,65.7143,0.0000
30,2010,100,1,1,1,0,6317,5633,1475,1046,2266,1027,269,15,164,49,7,702,740,521,47,46,72,45,0,150,162,1458,448,0,0.2618,0.3270,0.4023,742.2788,4.5220,0.1404,0.0000,0.7293,87.5000,0.0000
30,2011,100,1,1,1,0,6335,5645,1500,1092,2315,1041,263,36,160,58,33,720,743,524,49,49,78,38,1,141,162,1458,459,0,0.2657,0.3314,0.4101,762.0345,4.6392,0.1444,0.0000,0.7415,63.7363,0.0000
30,2012,100,1,1,1,0,6319,5593,1468,1145,2311,960,327,27,154,48,23,723,753,557,59,62,63,40,4,131,162,1458,508,0,0.2625,0.3338,0.4132,775.9916,4.7813,0.1507,0.0000,0.7470,67.6056,0.0000
30,2013,100,1,1,1,0,6274,5653,1484,1162,2228,1012,321,30,121,36,9,657,677,475,46,62,46,38,0,147,162,1458,472,0,0.2625,0.3245,0.3941,718.7890,4.4017,0.1316,0.0000,0.7186,80.0000,0.0000
30,2014,100,1,1,1,0,6142,5497,1398,1228,2125,947,298,30,123,30,25,597,615,459,48,88,55,42,1,148,162,1458,451,0,0.2543,0.3196,0.3866,669.6665,4.1385,0.1323,0.0000,0.7062,54.5455,0.0000
30,2015,100,1,1,1,0,6442,5753,1505,1261,2369,978,340,37,150,33,24,715,739,506,76,96,52,35,0,122,162,1458,527,0,0.2616,0.3297,0.4118,781.7699,4.7105,0.1502,0.0000,0.7415,57.8947,0.0000
30,2016,100,1,1,1,0,6367,5621,1521,1226,2580,944,318,36,223,34,16,840,873,569,50,70,66,38,3,143,162,1458,577,0,0.2706,0.3430,0.4590,881.9304,5.4577,0.1884,0.0000,0.8020,68.0000,0.0000
30,2017,100,1,1,1,0,6273,5582,1461,1331,2334,956,299,44,162,41,24,706,745,512,37,86,63,30,0,144,162,1458,505,0,0.2617,0.3316,0.4181,768.5605,4.7355,0.1564,0.0000,0.7497,63.0769,0.0000
